WELL_TYPE,WELL_DEPTH,DISTRICT,THANA,UNION,MOUZA,GEOCODE,SAMPLE_ID,Ca,Mg,Na,K,P,Cl,HCO3,SO4,NH4-N,NO2-N,NO3-N,Pb,Ni,Zn,As,Cd,Cr,Cu,Fe,Mn,Ca_num,Mg_num,Na_num,K_num,Cl_num,HCO3_num,SO4_num,NO3-N_num,Fe_num,Mn_num,As_num,Pb_num,Ni_num,Zn_num,Cd_num,Cr_num,Cu_num,TDS_calc,Ca_meq,Mg_meq,Na_meq,K_meq,Cl_meq,HCO3_meq,SO4_meq,NO3_meq,Cat_sum,An_sum,CBE_pct,pct_Ca,pct_Mg,pct_Na_K,pct_HCO3,pct_Cl,pct_SO4_NO3,Facies,Gibbs_Cation,Gibbs_Anion,Gibbs_Mechanism,Ratio_Na_Cl,Ratio_Ca_Mg,Ratio_CaMg_HCO3SO4,CAI_1,CAI_2,Ion_Exchange_Process
HTW,9,Panchagarh,Tetulia,Satmara,Satmara,57790,S98_01785,13.6,3.97,21.3,10.9,< 0.2,30.6,34,9.7,< 0.02,0.008,7.6,2.58,1.1,10,1,0.28,< 0.5,1,0.06,0.05,13.6,3.97,21.3,10.9,30.6,34.0,9.7,7.6,0.06,0.05,1.0,2.58,1.1,10.0,0.28,0.25,1.0,114.67,0.6786765806676979,0.32668175272577665,0.9264897781644194,0.27878663870274695,0.8631145460186725,0.557230890258293,0.20195711013949613,0.5425858499321768,2.210634750260641,2.1648883963486383,1.0455059287585495,30.70052981785796,14.777735339918085,54.52173484222396,25.7394742009858,39.868777876699134,34.391747922315076,Na-Mixed-Anion,0.6397592819164065,0.6076793179841403,Rock-Water Interaction Dominance,1.0734262125902994,2.0774854273461454,1.3242547733456014,-0.39642695448338733,-0.2628427900604738,Direct Ion Exchange (Na matrix -> Ca solution)
HTW,15,Panchagarh,Boda,Boda,Boda,57725,S98_01786,12.8,4.09,7.1,2.2,< 0.2,10,68,2.4,< 0.02,0.004,< 0.2,0.5,1,22,2.2,0.19,< 0.5,< 1,6.21,0.323,12.8,4.09,7.1,2.2,10.0,68.0,2.4,0.1,6.21,0.323,2.2,0.5,1.0,22.0,0.19,0.25,0.5,72.69,0.6387544288637157,0.33655626414318046,0.30882992605480647,0.05626886285743517,0.2820635771302851,1.114461780516586,0.04996876951905059,0.00713928749910759,1.340409481919138,1.4536334146650292,4.052333372702051,47.6536787809928,25.10846638158023,27.237854837426966,76.66731992215514,19.4040377914182,3.9286422864266632,Mixed-Cation-HCO3,0.3636973836883445,0.20197526352515285,Rock-Water Interaction Dominance,1.0948947368421056,1.8979127620455511,0.8375859710800679,-0.2943847363305704,-0.0708751703241882,Direct Ion Exchange (Na matrix -> Ca solution)
HTW,18,Thakurgaon,Baliadangi,Baliadanga,Baliadanga,59408,S98_01788,15.8,4.22,11.7,2.6,< 0.2,14.5,57,6.3,< 0.02,0.018,3,2.84,1.4,58,1.1,0.27,< 0.5,< 1,0.24,0.032,15.8,4.22,11.7,2.6,14.5,57.0,6.3,3.0,0.24,0.032,1.1,2.84,1.4,58.0,0.27,0.25,0.5,86.61999999999999,0.7884624981286491,0.3472536515120346,0.508916920400174,0.06649956519515066,0.4089921868389134,0.934181198374197,0.1311680199875078,0.2141786249732277,1.7111326352360083,1.688520030173846,0.6651445688036517,46.07839754163185,20.29378929261901,33.627813165749146,55.32544368324821,24.221932789083027,20.452623527668752,Mixed-Cation-HCO3,0.42189702492826103,0.30449694085772994,Rock-Water Interaction Dominance,1.2443194192377498,2.270566471210523,1.06605057765677,-0.4069131492283482,-0.13006696151499658,Direct Ion Exchange (Na matrix -> Ca solution)
HTW,37,Thakurgaon,Thakurgaon Sadar,Salander,Salander,59494,S98_01789,9.24,2.42,7.2,4.2,< 0.2,14.2,17,4.4,< 0.02,0.079,3.9,0.78,0.8,14,< 0.5,0.12,< 0.5,< 1,1.38,0.085,9.24,2.42,7.2,4.2,14.2,17.0,4.4,3.9,1.38,0.085,0.25,0.78,0.8,14.0,0.12,0.25,0.5,54.059999999999995,0.46110085333599476,0.19913598025097717,0.31317964332318404,0.1074223745460126,0.40053027952500486,0.2786154451291465,0.0916094107849261,0.278432212465196,1.0808388514561686,1.0491873479042735,1.485967804593145,42.66138774663522,18.424206345163263,38.91440590820151,26.55535693274172,38.17528683747993,35.269356229778346,Mixed-Cation-Mixed-Anion,0.4770337396024124,0.5897560199307317,Rock-Water Interaction Dominance,0.7819125277983694,2.315507487671767,1.7833401054525893,-0.050112911233565614,-0.030943528287362902,Direct Ion Exchange (Na matrix -> Ca solution)
HTW,30,Dinajpur,Birganj,Birgong,Kbirashat,52712,S98_01791,13.7,6.57,9.9,1.6,< 0.2,16.7,56,1.6,< 0.02,0.008,3.3,0.65,1,17,< 0.5,0.12,< 0.5,< 1,0.17,0.142,13.7,6.57,9.9,1.6,16.7,56.0,1.6,3.3,0.17,0.142,0.25,0.65,1.0,17.0,0.12,0.25,0.5,81.36999999999999,0.6836668496431957,0.5406295001028596,0.430622009569378,0.04092280935086194,0.47104617380757613,0.9177920545430708,0.0333125130127004,0.23559648747055045,1.6958411686662953,1.6577472288338977,1.1359157808630695,40.31432083824629,31.879724946649397,27.80595421510431,55.36381171867013,28.414837052022833,16.22135122930704,Mixed-Cation-HCO3,0.40818910659604907,0.33916561640658466,Rock-Water Interaction Dominance,0.9141821619918061,1.2645755540774632,1.2872363265927271,-0.0010585907292976772,-0.000420194378821701,Direct Ion Exchange (Na matrix -> Ca solution)
HTW,30,Thakurgaon,Ranisankail,Ranisanwail,Ranisanwail,59486,S98_01792,22.3,7.49,10.1,3.4,< 0.2,20.9,37,4.8,< 0.02,0.028,12.5,1.23,1.7,,0.8,0.66,< 0.5,< 1,0.293,0.029,22.3,7.49,10.1,3.4,20.9,37.0,4.8,12.5,0.293,0.029,0.8,1.23,1.7,,0.66,0.25,0.5,99.99,1.1128299815360048,0.6163340876362889,0.4393214441061331,0.08696096987058162,0.5895128762022959,0.6063983217516717,0.09993753903810118,0.8924109373884487,2.2554464831490084,2.1882596743805176,1.5119543549171859,49.33967575157422,27.3264780273472,23.333846221078584,27.71144251531022,26.939804407316657,45.34875307737312,Mixed-Cation-Mixed-Anion,0.32107768534816794,0.49294034307134826,Rock-Water Interaction Dominance,0.7452279022916144,1.8055629306563812,2.448076283765161,0.10725883144897268,0.039550016486433325,Reverse Ion Exchange (Ca matrix -> Na solution)
HTW,18,Dinajpur,Dinajpur Sadar,Sibrampur,Sibrampur,52764,S98_01793,4.55,2.07,23,2.6,< 0.2,6.6,60,4.5,< 0.02,< 0.004,2.8,2.37,0.9,14,< 0.5,0.16,0.7,4,0.027,0.008,4.55,2.07,23.0,2.6,6.6,60.0,4.5,2.8,0.027,0.008,0.25,2.37,0.9,14.0,0.16,0.7,4.0,76.11999999999999,0.22705723838514894,0.170335321950216,1.000434971726838,0.06649956519515066,0.18616196090598816,0.9833486298675758,0.09369144284821987,0.1999000499750125,1.4643270972573537,1.4631020835967963,0.04184605621099792,15.505909766364443,11.632327385681082,72.86176284795445,67.20984413132504,12.723784826301356,20.066371042373603,Na-HCO3,0.8245296123839307,0.15917937158897616,Evaporation / Crystallization Dominance,5.374003189792666,1.3330014925002525,0.36896729323480526,-4.731216687499283,-0.6897524483450397,Direct Ion Exchange (Na matrix -> Ca solution)
HTW,20,Dinajpur,Parbatipur,Parbatipur,Parbatipur,52777,S98_01794,23.8,10.2,23.8,2.5,< 0.2,32.3,120,15.4,< 0.02,< 0.004,< 0.2,0.97,1.3,23,0.8,0.14,< 0.5,< 1,1.65,0.647,23.8,10.2,23.8,2.5,32.3,120.0,15.4,0.1,1.65,0.647,0.8,0.97,1.3,23.0,0.14,0.25,0.5,168.1,1.1876840161684714,0.8393334704793253,1.0352327098738583,0.06394188961072178,0.9110653541308209,1.9666972597351515,0.32063293774724133,0.00713928749910759,3.1261920861323764,3.2055348391123215,1.2530981502629912,37.991396032156025,26.848429250479022,35.16017471736496,61.3531706390616,28.42163320187509,10.225196159063296,Mixed-Cation-HCO3,0.4806482534429405,0.31658808469504024,Rock-Water Interaction Dominance,1.1362880886426596,1.415032353577191,0.886193645709257,-0.20647173608442182,-0.08198376425793949,Direct Ion Exchange (Na matrix -> Ca solution)
HTW,21,Dinajpur,Hakimpur,Hakimpur,Hakimpur,52747,S98_01795,21.9,9.01,14.5,1.6,< 0.2,21.2,106,7.3,< 0.02,< 0.004,1.4,0.16,3.3,21,0.9,0.08,< 0.5,< 1,0.224,0.469,21.9,9.01,14.5,1.6,21.2,106.0,7.3,1.4,0.224,0.469,0.9,0.16,3.3,21.0,0.08,0.25,0.5,129.91,1.0928689056340135,0.7414112322567373,0.6307090039147456,0.04092280935086194,0.5979747835162045,1.737249246099384,0.15198834062044556,0.09995002498750626,2.5059119511563583,2.58716239522354,1.595312350484996,43.611624308256594,29.586483751538502,26.801891940204907,67.14882874406032,23.11315225593086,9.738019000008828,Mixed-Cation-HCO3,0.3806356132767409,0.2560674162018792,Rock-Water Interaction Dominance,1.0547418073485604,1.4740387764392173,0.9709102501372006,-0.12317748470309367,-0.037028699211625694,Direct Ion Exchange (Na matrix -> Ca solution)
HTW,24,Nilphamari,Domar,Chilahati,Chilahati,57315,S98_01796,15.5,3.74,12.1,2.8,< 0.2,13.4,95,< 0.2,< 0.02,< 0.004,< 0.2,0.24,0.7,13,< 0.5,0.06,< 0.5,< 1,0.356,6.2,15.5,3.74,12.1,2.8,13.4,95.0,0.1,0.1,0.356,6.2,0.25,0.24,0.7,13.0,0.06,0.25,0.5,95.23999999999998,0.7734916912021558,0.3077556058424193,0.5263157894736842,0.0716149163640084,0.37796519335458206,1.556968663956995,0.002082032063293775,0.00713928749910759,1.6791780028822674,1.9441551768739784,7.313077789041111,46.06371033175021,18.327753538586407,35.608536129663406,80.08458802452469,19.44110212243012,0.474309853045187,Mixed-Cation-HCO3,0.4359931025833458,0.19533752635851437,Rock-Water Interaction Dominance,1.392498036135114,2.51333095650647,0.6935292738104163,-0.5819729338853521,-0.14044625160277457,Direct Ion Exchange (Na matrix -> Ca solution)
HTW,18,Nilphamari,Nilphamari Sadar,Nilphamari,Nilphamari,57364,S98_01797,13.8,4.31,25.4,2.7,< 0.2,32.9,46,4.3,0.37,0.004,< 0.2,0.33,0.8,3,1.9,0.02,< 0.5,< 1,0.837,1.48,13.8,4.31,25.4,2.7,32.9,46.0,4.3,0.1,0.837,1.48,1.9,0.33,0.8,3.0,0.02,0.25,0.5,106.50999999999999,0.6886571186186935,0.3546595350750874,1.104828186167899,0.06905724077957953,0.927989168758638,0.7539006162318082,0.08952737872163231,0.00713928749910759,2.2172020806412593,1.7785564512111862,10.977781213088363,31.059736260914928,15.995814642773235,52.94444909631184,42.388343407284395,52.17653722077154,5.435119371944055,Na-Cl,0.6302596575535637,0.5517538527436323,Rock-Water Interaction Dominance,1.1905615101583749,1.9417414464068847,1.2369955229567342,-0.26497750886227855,-0.2890967748957105,Direct Ion Exchange (Na matrix -> Ca solution)
HTW,,Lalmonirhat,Hatibandha,Barakhta,Barakhta,55233,S98_01798,16.4,2.67,14,13.6,< 0.2,33.4,37,6.9,< 0.02,0.015,8.3,7.58,1.2,12,< 0.5,0.39,2.6,1,0.271,0.212,16.4,2.67,14.0,13.6,33.4,37.0,6.9,8.3,0.271,0.212,0.25,7.58,1.2,12.0,0.39,2.6,1.0,113.77,0.8184041119816357,0.21970787903723515,0.6089604175728578,0.3478438794823265,0.9420923476151523,0.6063983217516717,0.14366021236727047,0.59256086242593,1.994916288074055,2.2847117441600244,6.771510372005124,41.024483928182505,11.013388398835872,47.96212767298163,26.54156802501203,41.234626207146015,32.22380576784195,Mixed-Cation-Mixed-Anion,0.5389813906832046,0.6083939453121618,Rock-Water Interaction Dominance,0.646391427670974,3.724964783092444,1.3840413031741465,-0.015616249805312966,-0.010957647027811478,Direct Ion Exchange (Na matrix -> Ca solution)
HTW,27,Nilphamari,Jaldhaka,Jaldhaka,Jaldhaka,57336,S98_01799,8.09,1.01,6.2,2.4,< 0.2,3.1,44,1.6,< 0.02,< 0.004,< 0.2,0.35,0.5,11,< 0.5,0.06,< 0.5,< 1,0.018,0.222,8.09,1.01,6.2,2.4,3.1,44.0,1.6,0.1,0.018,0.222,0.25,0.35,0.5,11.0,0.06,0.25,0.5,44.5,0.4037127601177703,0.08311047109648222,0.2696824706394085,0.061384214026292905,0.0874397089103884,0.7211223285695556,0.0333125130127004,0.00713928749910759,0.8178899158799539,0.8490138379917521,1.8671697174781052,49.36028092282109,10.161571806037623,40.478147271141296,84.93646349455155,10.298973349741543,4.764563155706888,Mixed-Cation-HCO3,0.4505660671594613,0.10814223876118756,Rock-Water Interaction Dominance,3.08421052631579,4.857543878545745,0.6452820102969412,-2.7862281198235848,-0.3198992277339884,Direct Ion Exchange (Na matrix -> Ca solution)
HTW,18,Rangpur,Rangpur Sadar,Rangipur,Rangipur,58549,S98_01800,13.3,2.24,10.1,7,< 0.2,3.5,31,27.6,< 0.02,0.023,3.3,0.71,2.4,96,< 0.5,0.15,< 0.5,1,0.988,0.133,13.3,2.24,10.1,7.0,3.5,31.0,27.6,3.3,0.988,0.133,0.25,0.71,2.4,96.0,0.15,0.25,1.0,82.54,0.6637057737412047,0.18432421312487146,0.4393214441061331,0.179037290910021,0.0987222519955998,0.5080634587649142,0.5746408494690819,0.23559648747055045,1.4663887218822302,1.4170230477001464,1.7120577332329392,45.26124375051684,12.569942087953065,42.1688141615301,35.8542833576003,6.966876943591551,57.17883969880814,Mixed-Cation-SO4,0.48231483735205993,0.1626970613264218,Rock-Water Interaction Dominance,4.450075187969926,3.6007519711562446,0.783251697085515,-5.263620637865062,-0.39417140967653147,Direct Ion Exchange (Na matrix -> Ca solution)
HTW,14,Lalmonirhat,Lalmonirhat Sadar,Lalmonihat,Lalmonihat,55255,S98_01801,9.19,2.27,7.3,4,0.5,8.1,46,3.1,< 0.02,< 0.004,< 0.2,1.31,1.3,20,4,0.09,0.6,1,9.07,0.691,9.19,2.27,7.3,4.0,8.1,46.0,3.1,0.1,9.07,0.691,4.0,1.31,1.3,20.0,0.09,0.6,1.0,57.06,0.45860571884824586,0.1867928409792224,0.31752936059156156,0.10230702337715485,0.22847149747553094,0.7539006162318082,0.06454299396210701,0.00713928749910759,1.0652349437961848,1.0540543951685537,0.5275612169640181,43.05207236385897,17.53536551416043,39.4125621219806,71.52388147020173,21.6754940278956,6.800624501902665,Mixed-Cation-HCO3,0.4779329026038227,0.23257123679265537,Rock-Water Interaction Dominance,1.3897985705003253,2.4551568274463906,0.7885681454273349,-0.8375875704744328,-0.23179366606058358,Direct Ion Exchange (Na matrix -> Ca solution)
HTW,18,Kurigram,Nageshwari,Nagieshwari,Nagieshwari,54961,S98_01802,41.6,14,33.3,9.3,< 0.2,52.4,187,13.7,< 0.02,0.015,2.9,0.8,3,17,< 0.5,0.2,< 0.5,1,0.182,1.96,41.6,14.0,33.3,9.3,52.4,187.0,13.7,2.9,0.182,1.96,0.25,0.8,3.0,17.0,0.2,0.25,1.0,260.7,2.0759518938070762,1.1520263320304465,1.448455850369726,0.23786382935188505,1.478013144162694,3.064769896420611,0.2852383926712471,0.2070393374741201,4.914297905559134,5.0350607707286725,1.2137753708422583,42.243102345479,23.442338135977785,34.314559518543206,60.86857807630947,29.354425129387195,9.776996794303336,Mixed-Cation-HCO3,0.4482184889539987,0.3253541124369684,Rock-Water Interaction Dominance,0.9800020088388913,1.8020003849636066,0.9635732055793162,-0.14093686269408948,-0.05856163802901313,Direct Ion Exchange (Na matrix -> Ca solution)
HTW,18,Kurigram,Ulipur,Ulipur,Ulipur,54994,S98_01803,19.7,9.61,12.1,2.3,< 0.2,7.7,122,6.5,< 0.02,0.012,0.3,0.96,2,10,0.6,0.08,< 0.5,< 1,2.13,0.242,19.7,9.61,12.1,2.3,7.7,122.0,6.5,0.3,2.13,0.242,0.6,0.96,2.0,10.0,0.08,0.25,0.5,119.21,0.9830829881730624,0.7907837893437565,0.5263157894736842,0.05882653844186403,0.21718895439031954,1.9994755473974042,0.13533208411409536,0.02141786249732277,2.359009105432367,2.3734144483991417,0.3043967388572299,41.67355632113508,33.52186252790317,24.804581150961745,84.24468591004164,9.150907231428231,6.604406858530138,Mixed-Cation-HCO3,0.3731238884569094,0.0979800751151824,Rock-Water Interaction Dominance,2.423308270676692,1.2431754436808677,0.8309258180142793,-1.694162461245446,-0.17064698221387561,Direct Ion Exchange (Na matrix -> Ca solution)
,18,Gaibandha,Sundarganj,Bamandaga,Bamandaga,53291,S98_01804,36.2,12.2,56.5,14.4,< 0.2,97,145,21.1,< 0.02,0.012,0.6,1.06,1.5,,< 0.5,0.07,< 0.5,< 1,0.084,0.179,36.2,12.2,56.5,14.4,97.0,145.0,21.1,0.6,0.084,0.179,0.25,1.06,1.5,,0.07,0.25,0.5,310.50000000000006,1.806477369130196,1.003908660769389,2.457590256633319,0.36830528415775743,2.7360166981637657,2.376425855513308,0.4393087653549865,0.04283572499464554,5.636281570690662,5.594587044026706,0.3712493493986604,32.05087159811345,17.81154202781199,50.13758637407456,42.4772344555904,48.90471229838113,8.618053246028476,Na-Mixed-Anion,0.6100319632598626,0.5351682037377442,Rock-Water Interaction Dominance,0.8982365708084648,1.7994439531438284,0.9981004633998285,-0.032850253687279,-0.03144188589145205,Direct Ion Exchange (Na matrix -> Ca solution)
HTW,18,Gaibandha,Gaibandha Sadar,Boalia,Boalia,53224,S98_01805,28.9,17.1,18.5,2,< 0.2,26.5,182,2.2,< 0.02,0.044,< 0.2,0.34,1.1,7,< 0.5,< 0.02,< 0.5,< 1,0.054,0.478,28.9,17.1,18.5,2.0,26.5,182.0,2.2,0.1,0.054,0.478,0.25,0.34,1.1,7.0,0.01,0.25,0.5,186.29999999999998,1.442187733918858,1.4071178769800454,0.8046976946498479,0.05115351168857742,0.7474684793952556,2.98282417726498,0.04580470539246305,0.00713928749910759,3.7051568172373286,3.783236649551806,1.0426780144601104,38.92379742766717,37.97728264654755,23.09891992578529,78.8431825330924,19.757381010881435,1.39943645602616,Mixed-Cation-HCO3,0.3724267641185428,0.2003779725059081,Rock-Water Interaction Dominance,1.0765640516385304,1.0249231834180654,0.9407906089830346,-0.1449997289930639,-0.03570191163101248,Direct Ion Exchange (Na matrix -> Ca solution)
,12,Gaibandha,Gobindaganj,Gabindagons,Gabindagons,53230,S98_01806,25.9,9.42,26.5,16.7,< 0.2,36.8,140,11.5,< 0.02,< 0.004,1.5,0.48,1.5,7,< 0.5,0.05,< 0.5,2,0.016,0.067,25.9,9.42,26.5,16.7,36.8,140.0,11.5,1.5,0.016,0.067,0.25,0.48,1.5,7.0,0.05,0.25,2.0,198.32,1.2924796646539247,0.7751491462662005,1.1526750761200524,0.42713182259962146,1.037993963839449,2.294480136357677,0.23943368727878409,0.10708931248661385,3.647435709639799,3.6789970999625234,0.43078795838212924,35.43529667261943,21.251893329265837,43.31280999811472,62.36700040837352,28.214046807757004,9.41895278386949,Mixed-Cation-HCO3,0.550017160148581,0.3114784789409312,Rock-Water Interaction Dominance,1.1104834096109846,1.667394811540002,0.8159822925441236,-0.5219808146822993,-0.20515421866389463,Direct Ion Exchange (Na matrix -> Ca solution)
HTW,15,Jaipurhat,Jaipurhat Sadar,Madergonj,Madergonj,53847,S98_01807,21.8,11.8,12.6,1.3,< 0.2,8.5,146,2.7,< 0.02,< 0.004,< 0.2,0.23,1.6,91,< 0.5,0.16,< 0.5,< 1,0.976,0.566,21.8,11.8,12.6,1.3,8.5,146.0,2.7,0.1,0.976,0.566,0.25,0.23,1.6,91.0,0.16,0.25,0.5,131.79999999999998,1.0878786366585158,0.9709936227113765,0.548064375815572,0.03324978259757533,0.23975404056074234,2.3928149993444343,0.05621486570893192,0.00713928749910759,2.6401864177830396,2.695923193113216,1.0445208099991583,41.204614542786935,36.77746450671912,22.01792095049394,88.75679416449708,8.89320738710948,2.3499984483934417,Mixed-Cation-HCO3,0.3482606443842156,0.09107227082233639,Rock-Water Interaction Dominance,2.2859442724458208,1.1203767061010688,0.8406889147205349,-1.4246271597907434,-0.13906213157080513,Direct Ion Exchange (Na matrix -> Ca solution)
HTW,18,Bogra,Adamdighi,Santahar,Santahar,51006,S98_01808,62.6,24.7,68.1,0.9,< 0.2,97.2,251,48.8,< 0.02,0.009,3.2,0.39,7.5,42,< 0.5,0.11,< 0.5,1,0.04,0.435,62.6,24.7,68.1,0.9,97.2,251.0,48.8,3.2,0.04,0.435,0.25,0.39,7.5,42.0,0.11,0.25,1.0,431.0,3.1239083786616098,2.0325036000822876,2.9621574597651152,0.02301908025985984,2.7416579697063717,4.113675101612692,1.016031646887362,0.22845719997144287,8.141588518768874,8.09982191817787,0.25716116684047885,38.36976495999566,24.964459888837904,36.66577515116641,50.787228943646966,33.848373426006546,15.364397630346474,Mixed-Cation-HCO3,0.48864544850143765,0.39993067312465935,Rock-Water Interaction Dominance,1.0804256010396363,1.5369755697038547,1.0052059954989925,-0.08882164478915067,-0.045448137209028655,Direct Ion Exchange (Na matrix -> Ca solution)
HTW,18,Bogra,Bogra Sadar,Giokul,Giokul,51020,S98_01809,11,6.48,15.2,0.7,< 0.2,4.9,100,3.2,< 0.02,< 0.004,< 0.2,0.58,1.1,19,< 0.5,0.08,< 0.5,< 1,0.023,1.53,11.0,6.48,15.2,0.7,4.9,100.0,3.2,0.1,0.023,1.53,0.25,0.58,1.1,19.0,0.08,0.25,0.5,91.58,0.5489295873047557,0.5332236165398067,0.6611570247933884,0.0179037290910021,0.13821115279383972,1.6389143831126263,0.0666250260254008,0.00713928749910759,1.761213957728953,1.8508898494309745,2.4826499040328125,31.167683227572674,30.275913621953514,38.55640315047382,88.54737539440737,7.467281363952072,3.985343241640555,Mixed-Cation-HCO3,0.5529854194348223,0.07777230702126048,Rock-Water Interaction Dominance,4.783673469387756,1.0294547545865809,0.6344932272139513,-3.9132124300945508,-0.31579163222647394,Direct Ion Exchange (Na matrix -> Ca solution)
HTW,15,Naogaon,Patnitala,Patnitala,Patnitala,56475,S98_01810,6.42,3.35,13.4,0.4,< 0.2,2.8,65,2.2,< 0.02,< 0.004,< 0.2,0.2,2.1,14,0.5,< 0.02,< 0.5,< 1,0.08,0.131,6.42,3.35,13.4,0.4,2.8,65.0,2.2,0.1,0.08,0.131,0.5,0.2,2.1,14.0,0.01,0.25,0.5,61.17000000000001,0.3203752682269574,0.27566344373585683,0.5828621139625925,0.010230702337715485,0.07897780159647982,1.0652943490232072,0.04580470539246305,0.00713928749910759,1.1891315282631223,1.1972161435112576,0.3387861435179709,26.94195390604992,23.181913622162412,49.876132471787656,88.98095425767119,6.596787223804854,4.422258518523961,Mixed-Cation-HCO3,0.649275903938388,0.06902012039155979,Rock-Water Interaction Dominance,7.380075187969927,1.1621971483964477,0.5364406616980449,-6.509614148676723,-0.4597544149876855,Direct Ion Exchange (Na matrix -> Ca solution)
HTW,30,Naogaon,Manda,Manda,Manda,56447,S98_01811,10.7,5.1,16.4,0.5,0.2,3.4,97,0.7,< 0.02,< 0.004,< 0.2,0.34,8,50,0.5,0.05,< 0.5,< 1,0.354,0.381,10.7,5.1,16.4,0.5,3.4,97.0,0.7,0.1,0.354,0.381,0.5,0.34,8.0,50.0,0.05,0.25,0.5,85.39999999999999,0.5339587803782623,0.41966673523966264,0.7133536320139191,0.012788377922144356,0.09590161622429694,1.5897469516192475,0.014574224443056422,0.00713928749910759,1.6797675255539883,1.7073620797857085,0.8146884662523187,31.787659438300093,24.98361998641784,43.22872057528207,93.11129551493713,5.616946596139324,1.271757888923554,Mixed-Cation-HCO3,0.5762570863517441,0.056893007269590117,Rock-Water Interaction Dominance,7.438390092879258,1.2723400154013396,0.5944106017216162,-6.571739023018607,-0.391098886980387,Direct Ion Exchange (Na matrix -> Ca solution)
HTW,30,Nawabganj,Gomastapur,Rahandur,Rahandur,57037,S98_01813,56.4,13.7,44.2,0.9,0.2,3.9,347,6.2,< 0.02,< 0.004,< 0.2,0.27,2.1,78,1,< 0.02,< 0.5,< 1,1.24,0.072,56.4,13.7,44.2,0.9,3.9,347.0,6.2,0.1,1.24,0.072,1.0,0.27,2.1,78.0,0.01,0.25,0.5,298.90000000000003,2.8145117021807473,1.1273400534869369,1.9225750326228799,0.02301908025985984,0.1100047950808112,5.687032909400814,0.12908598792421402,0.00713928749910759,5.887445868550424,5.9332629799049466,0.38760037102605294,47.80530921252821,19.14820244053479,33.046488346937,95.85000578369647,1.8540353841281028,2.2959588321754114,Mixed-Cation-HCO3,0.4087291729368396,0.018976035811491744,Rock-Water Interaction Dominance,17.477192982456145,2.4965951431205498,0.6777460752187573,-16.686448226674816,-0.3152168871003551,Direct Ion Exchange (Na matrix -> Ca solution)
Piez,61,Nawabganj,Shibganj (N),Shibgong,Shibgong,57088,S98_01815,137,42.2,63.7,2.4,0.2,9.1,512,46.4,< 0.02,< 0.004,< 0.2,0.23,3.4,11,0.6,0.03,< 0.5,< 1,0.03,0.662,137.0,42.2,63.7,2.4,9.1,512.0,46.4,0.1,0.03,0.662,0.6,0.23,3.4,11.0,0.03,0.25,0.5,556.9,6.836668496431957,3.4725365151203462,2.770769899956503,0.061384214026292905,0.25667785518855946,8.391241641536647,0.9660628773683114,0.00713928749910759,13.1413591255351,9.621121661592626,15.465087030114844,52.02405954455321,26.424485336321318,21.551455119125468,87.21687487888609,2.6678579090545504,10.115267212059354,Ca-HCO3,0.29291613137386,0.02968087934742665,Rock-Water Interaction Dominance,10.794736842105266,1.9687823199736811,1.1017280661032438,-10.03388569264089,-0.27502714651701415,Direct Ion Exchange (Na matrix -> Ca solution)
HTW,30,Rajshahi,Godagari,Giodagari,Giodagari,58134,S98_01817,37.3,9.71,33.9,0.6,< 0.2,6.9,242,5.2,< 0.02,< 0.004,< 0.2,0.19,1.5,7,0.5,< 0.02,< 0.5,< 1,0.174,0.103,37.3,9.71,33.9,0.6,6.9,242.0,5.2,0.1,0.174,0.103,0.5,0.19,1.5,7.0,0.01,0.25,0.5,214.70999999999998,1.8613703278606715,0.7990125488582598,1.4745541539799913,0.015346053506573226,0.19462386821989675,3.9661728071325557,0.10826566729127629,0.00713928749910759,4.150283084205497,4.276201630142836,1.494318807971365,44.849237753067634,19.25200119237692,35.89876105455542,92.74990166916136,4.551325803909668,2.698772526928976,Mixed-Cation-HCO3,0.44457771814360286,0.04677562577686172,Rock-Water Interaction Dominance,7.5764302059496575,2.3295883531747483,0.6529446679386015,-6.655280008119012,-0.3173469709067674,Direct Ion Exchange (Na matrix -> Ca solution)
HTW,37,Rajshahi,Rajpara,Sapura,Sapura,58185,S98_01818,148,36.2,40.7,1.7,< 0.2,78,396,14.9,< 0.02,< 0.004,< 0.2,0.26,4.5,20,1.7,< 0.02,< 0.5,1,0.014,2.54,148.0,36.2,40.7,1.7,78.0,396.0,14.9,0.1,0.014,2.54,1.7,0.26,4.5,20.0,0.01,0.25,1.0,517.6,7.385598083736713,2.9788109442501547,1.7703349282296654,0.04348048493529081,2.200095901616224,6.490100957126001,0.3102227774307724,0.00713928749910759,12.178224441151823,9.007558923672104,14.966005565525474,60.645935041070565,24.460141612962563,14.893923345966883,72.05171803061808,24.424995942400262,3.523286026981673,Ca-HCO3,0.19716641868265225,0.253169857642863,Rock-Water Interaction Dominance,0.804662618083671,2.479377920237856,1.5241052385960254,0.17557438662901026,0.0567436778135608,Reverse Ion Exchange (Ca matrix -> Na solution)
HTW,18,Rajshahi,Charghat,Charghat,Charghat,58125,S98_01819,138,30.5,26.8,2,< 0.2,2.9,399,1.8,< 0.02,< 0.004,< 0.2,0.2,3.5,13,< 0.5,0.02,< 0.5,< 1,0.03,1.28,138.0,30.5,26.8,2.0,2.9,399.0,1.8,0.1,0.03,1.28,0.25,0.2,3.5,13.0,0.02,0.25,0.5,401.6000000000001,6.886571186186935,2.5097716519234727,1.165724227925185,0.05115351168857742,0.08179843736778268,6.539268388619379,0.037476577139287946,0.00713928749910759,10.61322057772417,6.665682690625558,22.84599795363999,64.88672439957567,23.647597197698605,11.465678402725722,98.1035055541428,1.2271576845807837,0.6693367612764125,Ca-HCO3,0.1501678792272419,0.012354268506508694,Rock-Water Interaction Dominance,14.251179673321237,2.7439034865618597,1.4287223979387627,-13.876540173285079,-0.17240268184914256,Direct Ion Exchange (Na matrix -> Ca solution)
HTW,27,Natore,Natore Sadar,Natore,Natore,56963,S98_01820,177,42.6,38.5,3.4,< 0.2,120,392,11.9,< 0.02,< 0.004,< 0.2,0.21,5.5,,5.5,0.03,< 0.5,1,0.032,0.766,177.0,42.6,38.5,3.4,120.0,392.0,11.9,0.1,0.032,0.766,5.5,0.21,5.5,,0.03,0.25,1.0,589.5,8.83277608663107,3.505451553178359,1.674641148325359,0.08696096987058162,3.3847629255634217,6.424544381801495,0.2477618155319592,0.00713928749910759,14.099829758005368,10.064208410395985,16.70093930279689,62.644558396998676,24.86165871036912,12.493782892632211,63.8355657973573,33.631685548831406,2.5327486538112884,Ca-HCO3,0.16627706545281906,0.345056263353286,Rock-Water Interaction Dominance,0.49475877192982465,2.5197256195489213,1.8491698784357835,0.47954933419666096,0.2430083172403001,Reverse Ion Exchange (Ca matrix -> Na solution)
TARA,18,Natore,Singra,Singra,Singra,56991,S98_01821,159,40.8,55,1,< 0.2,126,361,31,< 0.02,< 0.004,< 0.2,0.16,4.7,19,< 0.5,0.03,< 0.5,1,0.037,0.846,159.0,40.8,55.0,1.0,126.0,361.0,31.0,0.1,0.037,0.846,0.25,0.16,4.7,19.0,0.03,0.25,1.0,593.4,7.934527671041469,3.357333881917301,2.3923444976076556,0.02557675584428871,3.5540010718415926,5.916480923036581,0.6454299396210702,0.00713928749910759,13.709782806410715,10.123051221998352,15.049538716784285,57.87493341857518,24.4886000699253,17.636466511499517,58.44562862805145,35.10800245797839,6.446368913970156,Ca-HCO3,0.23356031708895997,0.3752714036902945,Rock-Water Interaction Dominance,0.6731411862990812,2.3633418510375352,1.720819101219158,0.31966220477276364,0.17294430586171397,Reverse Ion Exchange (Ca matrix -> Na solution)
HTW,27,Natore,Lalpur,Lalpur,Lalpur,56944,S98_01822,109,30.2,22.9,1.3,< 0.2,22.2,410,2.4,< 0.02,< 0.004,< 0.2,0.72,3.9,30,0.9,0.11,< 0.5,< 1,0.036,0.492,109.0,30.2,22.9,1.3,22.2,410.0,2.4,0.1,0.036,0.492,0.9,0.72,3.9,30.0,0.11,0.25,0.5,393.1,5.439393183292579,2.485085373379963,0.9960852544584602,0.03324978259757533,0.626181141229233,6.719548970761768,0.04996876951905059,0.00713928749910759,8.953813593728578,7.40283816900916,9.482230515249531,60.74945749487609,27.75449083640254,11.496051668721375,90.76990226386582,8.458663109111903,0.7714346270222717,Ca-HCO3,0.1591247926938817,0.0852442346346307,Rock-Water Interaction Dominance,1.5907302038880988,2.188815419204075,1.1706119786819278,-0.6438295076012447,-0.05949155965458062,Direct Ion Exchange (Na matrix -> Ca solution)
HTW,15,Sirajganj,Raiganj,Roygong,Roygong,58861,S98_01823,22.6,10.7,10.3,1,< 0.2,4,143,1,0.15,0.014,< 0.2,0.39,1,,12.3,0.06,< 0.5,< 1,3.99,0.648,22.6,10.7,10.3,1.0,4.0,143.0,1.0,0.1,3.99,0.648,12.3,0.39,1.0,,0.06,0.25,0.5,121.19999999999999,1.127800788462498,0.8804772680518412,0.44802087864288825,0.02557675584428871,0.11282543085211405,2.3436475678510558,0.020820320632937747,0.00713928749910759,2.481875691001516,2.484432606835215,0.051485241760215426,45.441469633291526,35.476283975227645,19.08224639148084,94.3333122179757,4.541295688267282,1.125392093757036,Mixed-Cation-HCO3,0.2957400405171125,0.045929847758016173,Rock-Water Interaction Dominance,3.9709210526315797,1.280897110447711,0.8493572978070641,-3.197614233868472,-0.15212139990490298,Direct Ion Exchange (Na matrix -> Ca solution)
HTW,18,Sirajganj,Sirajganj Sadar,Sirjgong,Sirjgong,58878,S98_01824,21.6,11.5,4.6,3.1,< 0.2,3.1,135,0.2,< 0.02,< 0.004,< 0.2,0.88,1,8,15.4,0.06,< 0.5,< 1,0.397,0.626,21.6,11.5,4.6,3.1,3.1,135.0,0.2,0.1,0.397,0.626,15.4,0.88,1.0,8.0,0.06,0.25,0.5,111.7,1.0778980987075204,0.9463073441678668,0.20008699434536756,0.079287943117295,0.0874397089103884,2.2125344172020456,0.00416406412658755,0.00713928749910759,2.3035803803380497,2.311277477738129,0.1667894794767987,46.79229376616497,41.07984910120638,12.127857132628659,95.72777126558098,3.783176609152051,0.48905212526696995,Mixed-Cation-HCO3,0.20583547305336203,0.038017692424299,Rock-Water Interaction Dominance,2.2882852292020375,1.1390570995254905,0.9131622816207866,-2.1950579541496054,-0.08630810720219473,Direct Ion Exchange (Na matrix -> Ca solution)
HTW,18,Pabna,Chatmohar,Chatmohur,Chatmohur,57622,S98_01825,108,38,40.8,1.6,< 0.2,7.5,626,4.7,< 0.02,< 0.004,< 0.2,0.17,3.1,,3.5,0.03,< 0.5,< 1,0.044,0.602,108.0,38.0,40.8,1.6,7.5,626.0,4.7,0.1,0.044,0.602,3.5,0.17,3.1,,0.03,0.25,0.5,513.7,5.389490493537601,3.126928615511212,1.7746846454980427,0.04092280935086194,0.21154768284771386,10.25960403828504,0.09785550697480741,0.00713928749910759,10.332026563897719,10.57614651560667,1.1675814562117537,52.162956223608816,30.26442679151988,17.5726169848713,97.00701501388502,2.000234041156143,0.9927509449588244,Ca-HCO3,0.2519892814580665,0.02020290494127507,Rock-Water Interaction Dominance,8.389052631578949,1.7235732427030446,0.8222498067053906,-7.582497479567763,-0.1547633244550967,Direct Ion Exchange (Na matrix -> Ca solution)
HTW,30,Pabna,Pabna Sadar,Pabna,Pabna,57655,S98_01826,114,25.6,38.1,2.8,< 0.2,5,399,0.6,< 0.02,< 0.004,< 0.2,0.17,8.9,6,1.9,0.02,< 0.5,< 1,0.151,0.493,114.0,25.6,38.1,2.8,5.0,399.0,0.6,0.1,0.151,0.493,1.9,0.17,8.9,6.0,0.02,0.25,0.5,385.70000000000005,5.688906632067468,2.1065624357128168,1.6572422792518489,0.0716149163640084,0.14103178856514256,6.539268388619379,0.012492192379762648,0.00713928749910759,9.524326263396143,6.699931657063392,17.408467124841863,59.73027881175233,22.117705520113798,18.152015668133874,97.60201630900765,2.1049735397891713,0.2930101512031661,Ca-HCO3,0.23306986253238587,0.021111594512895345,Rock-Water Interaction Dominance,11.75084210526316,2.700563978367183,1.189828134194653,-11.258634831233797,-0.2420871546883775,Direct Ion Exchange (Na matrix -> Ca solution)
HTW,18,Pabna,Sujanagar,Sujanager,Sujanager,57683,S98_01827,91.5,35,39.8,1.2,0.3,7.9,475,< 0.2,< 0.02,< 0.004,< 0.2,0.19,3,23,1.1,0.07,< 0.5,< 1,0.061,1.5,91.5,35.0,39.8,1.2,7.9,475.0,0.1,0.1,0.061,1.5,1.1,0.19,3.0,23.0,0.07,0.25,0.5,413.1,4.5660961125804675,2.8800658300761164,1.731187472814267,0.030692107013146452,0.22283022593292526,7.784843319784975,0.002082032063293775,0.00713928749910759,9.208041522483997,8.016894865280301,6.915245608975512,49.58813555989157,31.27772418318959,19.134140256918847,97.10546852123134,2.779507897726862,0.11502358104179718,Mixed-Cation-HCO3,0.2784270460996342,0.027827086688877775,Rock-Water Interaction Dominance,7.769087275149901,1.5854138002324036,0.9562390296818752,-6.906824904255861,-0.1974642789238348,Direct Ion Exchange (Na matrix -> Ca solution)
HTW,20,Pabna,Bera,Nagierbari,Nagierbari,57616,S98_01828,127,32.5,17,2.3,< 0.2,56.9,409,0.7,< 0.02,0.094,0.7,0.71,3.5,15,28.7,0.09,< 0.5,< 1,3.75,2.21,127.0,32.5,17.0,2.3,56.9,409.0,0.7,0.7,3.75,2.21,28.7,0.71,3.5,15.0,0.09,0.25,0.5,441.6,6.337641598882179,2.6743468422135366,0.7394519356241844,0.05882653844186403,1.6049417538713224,6.703159826930642,0.014574224443056422,0.04997501249375313,9.810266915161764,8.372650817738773,7.906410393210653,64.60213217121907,27.260693978472027,8.137173850308898,80.06018610890767,19.168860481688807,0.7709534094035294,Ca-HCO3,0.11186763107006567,0.19317791655075078,Rock-Water Interaction Dominance,0.46073443714734996,2.369790447089713,1.341522062674224,0.5026121838125902,0.11919296060051095,Reverse Ion Exchange (Ca matrix -> Na solution)
HTW,36,Bogra,Sherpur,Sherpur,,51088,S98_01834,41,22.6,29.8,2.3,1.4,45.9,242,0.5,0.62,< 0.004,< 0.2,0.47,2.2,16,27.8,< 0.02,< 0.5,< 1,19.6,2.27,41.0,22.6,29.8,2.3,45.9,242.0,0.5,0.1,19.6,2.27,27.8,0.47,2.2,16.0,0.01,0.25,0.5,263.20000000000005,2.046010279954089,1.859699650277721,1.2962157459765116,0.05882653844186403,1.2946718190280087,3.9661728071325557,0.010410160316468874,0.00713928749910759,5.260752214650186,5.27839407397614,0.1673936279354376,38.8919720312305,35.350451311864,25.757576656905506,75.13976318454172,24.527759786088698,0.3324770293695921,Mixed-Cation-HCO3,0.3984185068508041,0.24609580989904234,Rock-Water Interaction Dominance,1.0011925237931432,1.1001831826169055,0.9821774026098896,-0.04662993702581002,-0.015154285747552189,Direct Ion Exchange (Na matrix -> Ca solution)
