path,filename,extension,size_bytes,modified_time,category,purpose,research_stage,dependency_status,duplicate_status,final_status,recommended_action
PROJECT_FILE_INVENTORY.csv,PROJECT_FILE_INVENTORY.csv,.csv,95212,2026-08-23T18:09:51.372825,UNKNOWN,Uncategorized file,UNKNOWN,UNCHECKED,UNKNOWN,ARCHIVE,move_to_archive_intermediate
README.md,README.md,.md,6141,2026-08-23T18:10:38.753713,DOCUMENTATION,Project documentation / guide,DOCUMENTATION,REFERENCE,UNIQUE,KEEP_ACTIVE,preserve
CHANGELOG.md,CHANGELOG.md,.md,1598,2026-08-23T18:10:31.404729,DOCUMENTATION,Project documentation / guide,DOCUMENTATION,REFERENCE,UNIQUE,KEEP_ACTIVE,preserve
environment.yml,environment.yml,.yml,290,2026-08-23T18:10:24.948744,UNKNOWN,Uncategorized file,UNKNOWN,UNCHECKED,UNKNOWN,ARCHIVE,move_to_archive_intermediate
PROJECT_MANIFEST.csv,PROJECT_MANIFEST.csv,.csv,18464,2026-08-23T18:09:51.396181,UNKNOWN,Uncategorized file,UNKNOWN,UNCHECKED,UNKNOWN,ARCHIVE,move_to_archive_intermediate
Groundwater quality data_Northbengal.xlsx,Groundwater quality data_Northbengal.xlsx,.xlsx,16591,2026-08-20T21:55:07.823049,FINAL_SOURCE_DATA,Original North Bengal Groundwater Field Dataset,DATA_INGESTION,CRITICAL_SOURCE,UNIQUE,KEEP_ACTIVE,preserve
scientific_audit_report.md,scientific_audit_report.md,.md,12174,2026-08-23T18:05:27.271829,FINAL_REPORT,Formal Scientific Audit Report,DOCUMENTATION,CRITICAL_AUDIT,UNIQUE,KEEP_ACTIVE,preserve
requirements.txt,requirements.txt,.txt,244,2026-08-23T18:10:15.227767,UNKNOWN,Uncategorized file,UNKNOWN,UNCHECKED,UNKNOWN,ARCHIVE,move_to_archive_intermediate
.~lock.Groundwater quality data_Northbengal.xlsx#,.~lock.Groundwater quality data_Northbengal.xlsx#,.xlsx#,83,2026-08-20T21:56:21.339038,OBSOLETE,Hidden system file,UTILITY,NO_DEPENDENCY,UNIQUE,ARCHIVE,move_to_archive
files/08_RESEARCH_ROADMAP_PHASES_3_9.png,08_RESEARCH_ROADMAP_PHASES_3_9.png,.png,1153186,2026-08-22T15:43:38,UNKNOWN,Uncategorized file,UNKNOWN,UNCHECKED,UNKNOWN,ARCHIVE,move_to_archive_intermediate
files/01_RESEARCH_WORKFLOW_DIAGRAM.png,01_RESEARCH_WORKFLOW_DIAGRAM.png,.png,292689,2026-08-22T15:43:38,UNKNOWN,Uncategorized file,UNKNOWN,UNCHECKED,UNKNOWN,ARCHIVE,move_to_archive_intermediate
files/02_QA_QC_SUMMARY.png,02_QA_QC_SUMMARY.png,.png,550968,2026-08-22T15:43:38,UNKNOWN,Uncategorized file,UNKNOWN,UNCHECKED,UNKNOWN,ARCHIVE,move_to_archive_intermediate
files/04_RISK_INDICES_SUMMARY.png,04_RISK_INDICES_SUMMARY.png,.png,663831,2026-08-22T15:43:38,UNKNOWN,Uncategorized file,UNKNOWN,UNCHECKED,UNKNOWN,ARCHIVE,move_to_archive_intermediate
files/COMPREHENSIVE_RESEARCH_REPORT.html,COMPREHENSIVE_RESEARCH_REPORT.html,.html,41237,2026-08-22T15:43:38,UNKNOWN,Uncategorized file,UNKNOWN,UNCHECKED,UNKNOWN,ARCHIVE,move_to_archive_intermediate
files/05_MAJOR_IONS_HYDROGEOCHEMISTRY.png,05_MAJOR_IONS_HYDROGEOCHEMISTRY.png,.png,607573,2026-08-22T15:43:38,UNKNOWN,Uncategorized file,UNKNOWN,UNCHECKED,UNKNOWN,ARCHIVE,move_to_archive_intermediate
files/06_HEAVY_METALS_PROFILE.png,06_HEAVY_METALS_PROFILE.png,.png,541702,2026-08-22T15:43:38,UNKNOWN,Uncategorized file,UNKNOWN,UNCHECKED,UNKNOWN,ARCHIVE,move_to_archive_intermediate
files/03_HYDROCHEMISTRY_SUMMARY.png,03_HYDROCHEMISTRY_SUMMARY.png,.png,666384,2026-08-22T15:43:38,UNKNOWN,Uncategorized file,UNKNOWN,UNCHECKED,UNKNOWN,ARCHIVE,move_to_archive_intermediate
files/07_SPATIAL_DISTRIBUTION.png,07_SPATIAL_DISTRIBUTION.png,.png,341708,2026-08-22T15:43:38,UNKNOWN,Uncategorized file,UNKNOWN,UNCHECKED,UNKNOWN,ARCHIVE,move_to_archive_intermediate
archive/debug/streamlit.log,streamlit.log,.log,197,2026-08-23T17:55:14.210038,DEBUG_OUTPUT,Runtime debug log,DEBUG,TEMPORARY,TEMPORARY,ARCHIVE,move_to_archive_debug
archive/obsolete/stage5_output_results.zip,stage5_output_results.zip,.zip,227460,2026-08-23T04:47:13.917668,OBSOLETE,Compressed stage archive,ARCHIVE,HISTORICAL,DUPLICATE_ZIP,ARCHIVE,move_to_archive_obsolete
archive/obsolete/stage3_1_output_results.zip,stage3_1_output_results.zip,.zip,58804,2026-08-23T00:47:03.015438,OBSOLETE,Compressed stage archive,ARCHIVE,HISTORICAL,DUPLICATE_ZIP,ARCHIVE,move_to_archive_obsolete
archive/obsolete/stage5_4_output_results.zip,stage5_4_output_results.zip,.zip,1072644,2026-08-23T15:53:33.763852,OBSOLETE,Compressed stage archive,ARCHIVE,HISTORICAL,DUPLICATE_ZIP,ARCHIVE,move_to_archive_obsolete
archive/obsolete/north_bengal_groundwater_scripts.zip,north_bengal_groundwater_scripts.zip,.zip,11407,2026-08-23T00:17:05.747250,OBSOLETE,Compressed stage archive,ARCHIVE,HISTORICAL,DUPLICATE_ZIP,ARCHIVE,move_to_archive_obsolete
archive/obsolete/stage5_3_output_results.zip,stage5_3_output_results.zip,.zip,1621045,2026-08-23T15:44:34.422534,OBSOLETE,Compressed stage archive,ARCHIVE,HISTORICAL,DUPLICATE_ZIP,ARCHIVE,move_to_archive_obsolete
archive/obsolete/files.zip,files.zip,.zip,4163803,2026-08-22T21:43:42.086989,OBSOLETE,Compressed stage archive,ARCHIVE,HISTORICAL,DUPLICATE_ZIP,ARCHIVE,move_to_archive_obsolete
archive/obsolete/kaggle_stage3_3_code.zip,kaggle_stage3_3_code.zip,.zip,14434,2026-08-23T03:52:09.006966,OBSOLETE,Compressed stage archive,ARCHIVE,HISTORICAL,DUPLICATE_ZIP,ARCHIVE,move_to_archive_obsolete
archive/obsolete/kaggle_stage3_2_optimization_code.zip,kaggle_stage3_2_optimization_code.zip,.zip,10547,2026-08-23T02:09:38.215015,OBSOLETE,Compressed stage archive,ARCHIVE,HISTORICAL,DUPLICATE_ZIP,ARCHIVE,move_to_archive_obsolete
archive/obsolete/stage5_1_output_results.zip,stage5_1_output_results.zip,.zip,212461,2026-08-23T15:22:03.631079,OBSOLETE,Compressed stage archive,ARCHIVE,HISTORICAL,DUPLICATE_ZIP,ARCHIVE,move_to_archive_obsolete
archive/obsolete/north_bengal_groundwater_dataset.zip,north_bengal_groundwater_dataset.zip,.zip,9971,2026-08-23T00:17:55.725158,OBSOLETE,Compressed stage archive,ARCHIVE,HISTORICAL,DUPLICATE_ZIP,ARCHIVE,move_to_archive_obsolete
archive/obsolete/kaggle_stage3_baseline_code.zip,kaggle_stage3_baseline_code.zip,.zip,5725,2026-08-23T00:37:24.731261,OBSOLETE,Compressed stage archive,ARCHIVE,HISTORICAL,DUPLICATE_ZIP,ARCHIVE,move_to_archive_obsolete
archive/obsolete/stage5_2_output_results.zip,stage5_2_output_results.zip,.zip,712887,2026-08-23T15:25:14.648310,OBSOLETE,Compressed stage archive,ARCHIVE,HISTORICAL,DUPLICATE_ZIP,ARCHIVE,move_to_archive_obsolete
archive/obsolete/stage3_3_output_results.zip,stage3_3_output_results.zip,.zip,681696,2026-08-23T03:52:14.973640,OBSOLETE,Compressed stage archive,ARCHIVE,HISTORICAL,DUPLICATE_ZIP,ARCHIVE,move_to_archive_obsolete
archive/obsolete/kaggle_stage3_1_sensitivity_code.zip,kaggle_stage3_1_sensitivity_code.zip,.zip,6245,2026-08-23T00:37:24.730296,OBSOLETE,Compressed stage archive,ARCHIVE,HISTORICAL,DUPLICATE_ZIP,ARCHIVE,move_to_archive_obsolete
archive/intermediate/stage3_3_fold_results.csv,stage3_3_fold_results.csv,.csv,1733858,2026-08-23T03:52:14,INTERMEDIATE_ARTIFACT,Stage intermediate tabular artifact,INTERMEDIATE,HISTORICAL_REPRO,INTERMEDIATE,ARCHIVE,move_to_archive_intermediate
archive/intermediate/STAGE_5_1_FOLD_RESULTS.csv,STAGE_5_1_FOLD_RESULTS.csv,.csv,947772,2026-08-23T15:22:03.486744,INTERMEDIATE_ARTIFACT,Stage intermediate tabular artifact,INTERMEDIATE,HISTORICAL_REPRO,INTERMEDIATE,ARCHIVE,move_to_archive_intermediate
archive/intermediate/stage5_spatial_residual_audit.csv,stage5_spatial_residual_audit.csv,.csv,541,2026-08-23T04:45:12.013129,INTERMEDIATE_ARTIFACT,Stage intermediate tabular artifact,INTERMEDIATE,HISTORICAL_REPRO,INTERMEDIATE,ARCHIVE,move_to_archive_intermediate
archive/intermediate/STAGE_5_3_DATA_INVENTORY.csv,STAGE_5_3_DATA_INVENTORY.csv,.csv,1302,2026-08-23T15:44:28.411048,INTERMEDIATE_ARTIFACT,Stage intermediate tabular artifact,INTERMEDIATE,HISTORICAL_REPRO,INTERMEDIATE,ARCHIVE,move_to_archive_intermediate
archive/intermediate/stage3_1_decision_matrix.csv,stage3_1_decision_matrix.csv,.csv,1210,2026-08-23T00:47:03.007810,INTERMEDIATE_ARTIFACT,Stage intermediate tabular artifact,INTERMEDIATE,HISTORICAL_REPRO,INTERMEDIATE,ARCHIVE,move_to_archive_intermediate
archive/intermediate/STAGE_3_3_BASELINE_REFERENCE.md,STAGE_3_3_BASELINE_REFERENCE.md,.md,2580,2026-08-23T03:49:38,FINAL_REPORT,Stage Progress / Reconciliation Report,DOCUMENTATION,HISTORICAL_REPRO,UNIQUE,ARCHIVE,move_to_archive_intermediate
archive/intermediate/stage3_3_feature_redundancy.csv,stage3_3_feature_redundancy.csv,.csv,1932,2026-08-23T03:49:38,INTERMEDIATE_ARTIFACT,Stage intermediate tabular artifact,INTERMEDIATE,HISTORICAL_REPRO,INTERMEDIATE,ARCHIVE,move_to_archive_intermediate
archive/intermediate/stage3_2_summary.csv,stage3_2_summary.csv,.csv,1688,2026-08-23T01:13:04.255419,INTERMEDIATE_ARTIFACT,Stage intermediate tabular artifact,INTERMEDIATE,HISTORICAL_REPRO,INTERMEDIATE,ARCHIVE,move_to_archive_intermediate
archive/intermediate/STAGE_5_3_METAL_CORRELATION_MATRIX.csv,STAGE_5_3_METAL_CORRELATION_MATRIX.csv,.csv,1705,2026-08-23T15:44:28.814038,INTERMEDIATE_ARTIFACT,Stage intermediate tabular artifact,INTERMEDIATE,HISTORICAL_REPRO,INTERMEDIATE,ARCHIVE,move_to_archive_intermediate
archive/intermediate/STAGE_5_1_MINIMUM_INPUT_ANALYSIS.csv,STAGE_5_1_MINIMUM_INPUT_ANALYSIS.csv,.csv,1916,2026-08-23T15:22:03.579353,INTERMEDIATE_ARTIFACT,Stage intermediate tabular artifact,INTERMEDIATE,HISTORICAL_REPRO,INTERMEDIATE,ARCHIVE,move_to_archive_intermediate
archive/intermediate/STAGE_5_2_CONFORMAL_INTERVALS.csv,STAGE_5_2_CONFORMAL_INTERVALS.csv,.csv,2259,2026-08-23T15:25:12.551352,INTERMEDIATE_ARTIFACT,Stage intermediate tabular artifact,INTERMEDIATE,HISTORICAL_REPRO,INTERMEDIATE,ARCHIVE,move_to_archive_intermediate
archive/intermediate/STAGE_5_2_CONFORMAL_COVERAGE.csv,STAGE_5_2_CONFORMAL_COVERAGE.csv,.csv,352,2026-08-23T15:25:12.553352,INTERMEDIATE_ARTIFACT,Stage intermediate tabular artifact,INTERMEDIATE,HISTORICAL_REPRO,INTERMEDIATE,ARCHIVE,move_to_archive_intermediate
archive/intermediate/STAGE_5_3_NO3_METAL_ASSOCIATION.csv,STAGE_5_3_NO3_METAL_ASSOCIATION.csv,.csv,1016,2026-08-23T15:44:28.694041,INTERMEDIATE_ARTIFACT,Stage intermediate tabular artifact,INTERMEDIATE,HISTORICAL_REPRO,INTERMEDIATE,ARCHIVE,move_to_archive_intermediate
archive/intermediate/stage3_FINAL_PROGRESS_REPORT.csv,stage3_FINAL_PROGRESS_REPORT.csv,.csv,1113,2026-08-23T04:13:37.564415,INTERMEDIATE_ARTIFACT,Stage intermediate tabular artifact,INTERMEDIATE,HISTORICAL_REPRO,INTERMEDIATE,ARCHIVE,move_to_archive_intermediate
archive/intermediate/stage3_3_final_candidates.csv,stage3_3_final_candidates.csv,.csv,1146,2026-08-23T03:52:14,INTERMEDIATE_ARTIFACT,Stage intermediate tabular artifact,INTERMEDIATE,HISTORICAL_REPRO,INTERMEDIATE,ARCHIVE,move_to_archive_intermediate
archive/intermediate/STAGE_5_1_INPUT_SET_DEFINITIONS.csv,STAGE_5_1_INPUT_SET_DEFINITIONS.csv,.csv,1346,2026-08-23T15:20:59.296061,INTERMEDIATE_ARTIFACT,Stage intermediate tabular artifact,INTERMEDIATE,HISTORICAL_REPRO,INTERMEDIATE,ARCHIVE,move_to_archive_intermediate
archive/intermediate/stage3_3_FINAL_MODEL_CONFIG.json,stage3_3_FINAL_MODEL_CONFIG.json,.json,6615,2026-08-23T04:17:36.854804,INTERMEDIATE_ARTIFACT,Stage configuration JSON,INTERMEDIATE,HISTORICAL_REPRO,INTERMEDIATE,ARCHIVE,move_to_archive_intermediate
archive/intermediate/STAGE_4_SHAP_FINAL_REPORT.md,STAGE_4_SHAP_FINAL_REPORT.md,.md,17253,2026-08-23T04:18:13.532346,FINAL_REPORT,Stage Progress / Reconciliation Report,DOCUMENTATION,HISTORICAL_REPRO,UNIQUE,ARCHIVE,move_to_archive_intermediate
archive/intermediate/STAGE_5_4_QC_LEDGER.csv,STAGE_5_4_QC_LEDGER.csv,.csv,620,2026-08-23T15:53:27.185977,INTERMEDIATE_ARTIFACT,Stage intermediate tabular artifact,INTERMEDIATE,HISTORICAL_REPRO,INTERMEDIATE,ARCHIVE,move_to_archive_intermediate
archive/intermediate/STAGE_5_4_STAGE_PROGRESSION_COMPARISON.csv,STAGE_5_4_STAGE_PROGRESSION_COMPARISON.csv,.csv,1156,2026-08-23T15:53:27.179977,INTERMEDIATE_ARTIFACT,Stage intermediate tabular artifact,INTERMEDIATE,HISTORICAL_REPRO,INTERMEDIATE,ARCHIVE,move_to_archive_intermediate
archive/intermediate/STAGE_3_3_FINAL_MODEL_FREEZE_REPORT.md,STAGE_3_3_FINAL_MODEL_FREEZE_REPORT.md,.md,10744,2026-08-23T04:13:43.943905,FINAL_REPORT,Stage Progress / Reconciliation Report,DOCUMENTATION,HISTORICAL_REPRO,UNIQUE,ARCHIVE,move_to_archive_intermediate
archive/intermediate/stage4_model_reconstruction_audit.csv,stage4_model_reconstruction_audit.csv,.csv,795,2026-08-23T04:17:41.583745,INTERMEDIATE_ARTIFACT,Stage intermediate tabular artifact,INTERMEDIATE,HISTORICAL_REPRO,INTERMEDIATE,ARCHIVE,move_to_archive_intermediate
archive/intermediate/STAGE_5_4_NOVELTY_AUDIT.csv,STAGE_5_4_NOVELTY_AUDIT.csv,.csv,728,2026-08-23T15:53:27.182977,INTERMEDIATE_ARTIFACT,Stage intermediate tabular artifact,INTERMEDIATE,HISTORICAL_REPRO,INTERMEDIATE,ARCHIVE,move_to_archive_intermediate
archive/intermediate/STAGE_3_3_RECONCILIATION_AUDIT.md,STAGE_3_3_RECONCILIATION_AUDIT.md,.md,15367,2026-08-23T04:07:53.782631,FINAL_REPORT,Stage Progress / Reconciliation Report,DOCUMENTATION,HISTORICAL_REPRO,UNIQUE,ARCHIVE,move_to_archive_intermediate
archive/intermediate/stage3_authoritative_progression.csv,stage3_authoritative_progression.csv,.csv,2274,2026-08-23T04:07:39.436446,INTERMEDIATE_ARTIFACT,Stage intermediate tabular artifact,INTERMEDIATE,HISTORICAL_REPRO,INTERMEDIATE,ARCHIVE,move_to_archive_intermediate
archive/intermediate/stage3_3_QC_ledger.csv,stage3_3_QC_ledger.csv,.csv,764,2026-08-23T03:52:14,INTERMEDIATE_ARTIFACT,Stage intermediate tabular artifact,INTERMEDIATE,HISTORICAL_REPRO,INTERMEDIATE,ARCHIVE,move_to_archive_intermediate
archive/intermediate/STAGE_5_3_FINAL_REPORT.md,STAGE_5_3_FINAL_REPORT.md,.md,5060,2026-08-23T15:44:34.341086,FINAL_REPORT,Stage Progress / Reconciliation Report,DOCUMENTATION,HISTORICAL_REPRO,UNIQUE,ARCHIVE,move_to_archive_intermediate
archive/intermediate/stage3_3_TARGET_CLASSIFICATION.csv,stage3_3_TARGET_CLASSIFICATION.csv,.csv,2326,2026-08-23T04:13:37.561868,INTERMEDIATE_ARTIFACT,Stage intermediate tabular artifact,INTERMEDIATE,HISTORICAL_REPRO,INTERMEDIATE,ARCHIVE,move_to_archive_intermediate
archive/intermediate/STAGE_5_2_DRINKING_FEASIBILITY_AUDIT.csv,STAGE_5_2_DRINKING_FEASIBILITY_AUDIT.csv,.csv,533,2026-08-23T15:25:12.569059,INTERMEDIATE_ARTIFACT,Stage intermediate tabular artifact,INTERMEDIATE,HISTORICAL_REPRO,INTERMEDIATE,ARCHIVE,move_to_archive_intermediate
archive/intermediate/stage3_3_authoritative_final_candidates.csv,stage3_3_authoritative_final_candidates.csv,.csv,2042,2026-08-23T04:07:39.433844,INTERMEDIATE_ARTIFACT,Stage intermediate tabular artifact,INTERMEDIATE,HISTORICAL_REPRO,INTERMEDIATE,ARCHIVE,move_to_archive_intermediate
archive/intermediate/STAGE_5_1_EASY_INPUT_CLASSIFICATION.csv,STAGE_5_1_EASY_INPUT_CLASSIFICATION.csv,.csv,9103,2026-08-23T15:20:59.293720,INTERMEDIATE_ARTIFACT,Stage intermediate tabular artifact,INTERMEDIATE,HISTORICAL_REPRO,INTERMEDIATE,ARCHIVE,move_to_archive_intermediate
archive/intermediate/STAGE_5_4_TARGET_SCREENING_CLASSIFICATION.csv,STAGE_5_4_TARGET_SCREENING_CLASSIFICATION.csv,.csv,2458,2026-08-23T15:53:27.144978,INTERMEDIATE_ARTIFACT,Stage intermediate tabular artifact,INTERMEDIATE,HISTORICAL_REPRO,INTERMEDIATE,ARCHIVE,move_to_archive_intermediate
archive/intermediate/STAGE_5_3_METAL_NETWORK_EDGES.csv,STAGE_5_3_METAL_NETWORK_EDGES.csv,.csv,237,2026-08-23T15:44:28.817134,INTERMEDIATE_ARTIFACT,Stage intermediate tabular artifact,INTERMEDIATE,HISTORICAL_REPRO,INTERMEDIATE,ARCHIVE,move_to_archive_intermediate
archive/intermediate/stage4_SHAP_QC_ledger.csv,stage4_SHAP_QC_ledger.csv,.csv,1923,2026-08-23T04:18:01.179500,INTERMEDIATE_ARTIFACT,Stage intermediate tabular artifact,INTERMEDIATE,HISTORICAL_REPRO,INTERMEDIATE,ARCHIVE,move_to_archive_intermediate
archive/intermediate/STAGE_5_1_DATA_INVENTORY.csv,STAGE_5_1_DATA_INVENTORY.csv,.csv,17848,2026-08-23T15:20:59.292050,INTERMEDIATE_ARTIFACT,Stage intermediate tabular artifact,INTERMEDIATE,HISTORICAL_REPRO,INTERMEDIATE,ARCHIVE,move_to_archive_intermediate
archive/intermediate/stage3_3_ablation_results.csv,stage3_3_ablation_results.csv,.csv,97506,2026-08-23T03:52:14,INTERMEDIATE_ARTIFACT,Stage intermediate tabular artifact,INTERMEDIATE,HISTORICAL_REPRO,INTERMEDIATE,ARCHIVE,move_to_archive_intermediate
archive/intermediate/stage3_1_target_distribution_audit.csv,stage3_1_target_distribution_audit.csv,.csv,1751,2026-08-23T00:37:03.771449,INTERMEDIATE_ARTIFACT,Stage intermediate tabular artifact,INTERMEDIATE,HISTORICAL_REPRO,INTERMEDIATE,ARCHIVE,move_to_archive_intermediate
archive/intermediate/STAGE_5_3_SALINITY_METAL_ASSOCIATION.csv,STAGE_5_3_SALINITY_METAL_ASSOCIATION.csv,.csv,1019,2026-08-23T15:44:28.658041,INTERMEDIATE_ARTIFACT,Stage intermediate tabular artifact,INTERMEDIATE,HISTORICAL_REPRO,INTERMEDIATE,ARCHIVE,move_to_archive_intermediate
archive/intermediate/STAGE_5_3_ML_OBSERVATIONAL_RECONCILIATION.csv,STAGE_5_3_ML_OBSERVATIONAL_RECONCILIATION.csv,.csv,859,2026-08-23T15:44:28.899035,INTERMEDIATE_ARTIFACT,Stage intermediate tabular artifact,INTERMEDIATE,HISTORICAL_REPRO,INTERMEDIATE,ARCHIVE,move_to_archive_intermediate
archive/intermediate/STAGE_5_4_MODEL_BENCHMARK_FULL.csv,STAGE_5_4_MODEL_BENCHMARK_FULL.csv,.csv,24548,2026-08-23T15:53:27.069980,INTERMEDIATE_ARTIFACT,Stage intermediate tabular artifact,INTERMEDIATE,HISTORICAL_REPRO,INTERMEDIATE,ARCHIVE,move_to_archive_intermediate
archive/intermediate/STAGE_5_3_DEPTH_METAL_ASSOCIATION.csv,STAGE_5_3_DEPTH_METAL_ASSOCIATION.csv,.csv,1095,2026-08-23T15:44:28.676164,INTERMEDIATE_ARTIFACT,Stage intermediate tabular artifact,INTERMEDIATE,HISTORICAL_REPRO,INTERMEDIATE,ARCHIVE,move_to_archive_intermediate
archive/intermediate/stage3_3_feature_selection_frequency.csv,stage3_3_feature_selection_frequency.csv,.csv,5160,2026-08-23T03:52:14,INTERMEDIATE_ARTIFACT,Stage intermediate tabular artifact,INTERMEDIATE,HISTORICAL_REPRO,INTERMEDIATE,ARCHIVE,move_to_archive_intermediate
archive/intermediate/stage3_3_targetwise_results.csv,stage3_3_targetwise_results.csv,.csv,1146,2026-08-23T03:52:14,INTERMEDIATE_ARTIFACT,Stage intermediate tabular artifact,INTERMEDIATE,HISTORICAL_REPRO,INTERMEDIATE,ARCHIVE,move_to_archive_intermediate
archive/intermediate/stage3_2_QC_ledger.csv,stage3_2_QC_ledger.csv,.csv,1160,2026-08-23T01:13:04.257418,INTERMEDIATE_ARTIFACT,Stage intermediate tabular artifact,INTERMEDIATE,HISTORICAL_REPRO,INTERMEDIATE,ARCHIVE,move_to_archive_intermediate
archive/intermediate/STAGE_3_3_FINAL_REPORT.md,STAGE_3_3_FINAL_REPORT.md,.md,9376,2026-08-23T03:52:14,FINAL_REPORT,Stage Progress / Reconciliation Report,DOCUMENTATION,HISTORICAL_REPRO,UNIQUE,ARCHIVE,move_to_archive_intermediate
archive/intermediate/stage4_hydrochemical_interpretation.csv,stage4_hydrochemical_interpretation.csv,.csv,2025,2026-08-23T04:18:01.176500,INTERMEDIATE_ARTIFACT,Stage intermediate tabular artifact,INTERMEDIATE,HISTORICAL_REPRO,INTERMEDIATE,ARCHIVE,move_to_archive_intermediate
archive/intermediate/STAGE_5_2_GUIDELINE_CONFIGURATION.csv,STAGE_5_2_GUIDELINE_CONFIGURATION.csv,.csv,546,2026-08-23T15:25:12.555051,INTERMEDIATE_ARTIFACT,Stage intermediate tabular artifact,INTERMEDIATE,HISTORICAL_REPRO,INTERMEDIATE,ARCHIVE,move_to_archive_intermediate
archive/intermediate/stage5_feature_registry.csv,stage5_feature_registry.csv,.csv,1495,2026-08-23T04:28:16,INTERMEDIATE_ARTIFACT,Stage intermediate tabular artifact,INTERMEDIATE,HISTORICAL_REPRO,INTERMEDIATE,ARCHIVE,move_to_archive_intermediate
archive/intermediate/stage3_full_progression_comparison.csv,stage3_full_progression_comparison.csv,.csv,1556,2026-08-23T03:52:14,INTERMEDIATE_ARTIFACT,Stage intermediate tabular artifact,INTERMEDIATE,HISTORICAL_REPRO,INTERMEDIATE,ARCHIVE,move_to_archive_intermediate
archive/intermediate/STAGE_5_3_CBE_CONTAMINATION_CROSSCHECK.csv,STAGE_5_3_CBE_CONTAMINATION_CROSSCHECK.csv,.csv,1923,2026-08-23T15:44:28.890035,INTERMEDIATE_ARTIFACT,Stage intermediate tabular artifact,INTERMEDIATE,HISTORICAL_REPRO,INTERMEDIATE,ARCHIVE,move_to_archive_intermediate
archive/intermediate/STAGE_5_1_STAGE3_3_COMPARISON.csv,STAGE_5_1_STAGE3_3_COMPARISON.csv,.csv,2682,2026-08-23T15:22:03.596353,INTERMEDIATE_ARTIFACT,Stage intermediate tabular artifact,INTERMEDIATE,HISTORICAL_REPRO,INTERMEDIATE,ARCHIVE,move_to_archive_intermediate
archive/intermediate/stage5_performance_comparison.csv,stage5_performance_comparison.csv,.csv,2672,2026-08-23T04:47:13.618339,INTERMEDIATE_ARTIFACT,Stage intermediate tabular artifact,INTERMEDIATE,HISTORICAL_REPRO,INTERMEDIATE,ARCHIVE,move_to_archive_intermediate
archive/intermediate/stage5_uncertainty_results.csv,stage5_uncertainty_results.csv,.csv,2208,2026-08-23T04:47:13.883150,INTERMEDIATE_ARTIFACT,Stage intermediate tabular artifact,INTERMEDIATE,HISTORICAL_REPRO,INTERMEDIATE,ARCHIVE,move_to_archive_intermediate
archive/intermediate/stage3_3_residual_diagnostics.csv,stage3_3_residual_diagnostics.csv,.csv,764778,2026-08-23T03:52:14,INTERMEDIATE_ARTIFACT,Stage intermediate tabular artifact,INTERMEDIATE,HISTORICAL_REPRO,INTERMEDIATE,ARCHIVE,move_to_archive_intermediate
archive/intermediate/STAGE_5_4_NONLINEAR_DIAGNOSTICS.csv,STAGE_5_4_NONLINEAR_DIAGNOSTICS.csv,.csv,1602,2026-08-23T15:52:47.458014,INTERMEDIATE_ARTIFACT,Stage intermediate tabular artifact,INTERMEDIATE,HISTORICAL_REPRO,INTERMEDIATE,ARCHIVE,move_to_archive_intermediate
archive/intermediate/STAGE_5_2_DECISION_CASES.csv,STAGE_5_2_DECISION_CASES.csv,.csv,4041,2026-08-23T15:25:12.561352,INTERMEDIATE_ARTIFACT,Stage intermediate tabular artifact,INTERMEDIATE,HISTORICAL_REPRO,INTERMEDIATE,ARCHIVE,move_to_archive_intermediate
archive/intermediate/STAGE_5_3_ION_EXCHANGE_METAL_ANALYSIS.csv,STAGE_5_3_ION_EXCHANGE_METAL_ANALYSIS.csv,.csv,592,2026-08-23T15:44:28.743039,INTERMEDIATE_ARTIFACT,Stage intermediate tabular artifact,INTERMEDIATE,HISTORICAL_REPRO,INTERMEDIATE,ARCHIVE,move_to_archive_intermediate
archive/intermediate/STAGE_5_4_CONFORMAL_SCREENING_FEASIBILITY.csv,STAGE_5_4_CONFORMAL_SCREENING_FEASIBILITY.csv,.csv,680,2026-08-23T15:53:27.174977,INTERMEDIATE_ARTIFACT,Stage intermediate tabular artifact,INTERMEDIATE,HISTORICAL_REPRO,INTERMEDIATE,ARCHIVE,move_to_archive_intermediate
archive/intermediate/stage3_3_unit_audit.csv,stage3_3_unit_audit.csv,.csv,858,2026-08-23T03:49:38,INTERMEDIATE_ARTIFACT,Stage intermediate tabular artifact,INTERMEDIATE,HISTORICAL_REPRO,INTERMEDIATE,ARCHIVE,move_to_archive_intermediate
archive/intermediate/STAGE_5_3_FACIES_METAL_COMPARISON.csv,STAGE_5_3_FACIES_METAL_COMPARISON.csv,.csv,1673,2026-08-23T15:44:28.632042,INTERMEDIATE_ARTIFACT,Stage intermediate tabular artifact,INTERMEDIATE,HISTORICAL_REPRO,INTERMEDIATE,ARCHIVE,move_to_archive_intermediate
archive/intermediate/stage5_information_inventory.csv,stage5_information_inventory.csv,.csv,16574,2026-08-23T04:27:52,INTERMEDIATE_ARTIFACT,Stage intermediate tabular artifact,INTERMEDIATE,HISTORICAL_REPRO,INTERMEDIATE,ARCHIVE,move_to_archive_intermediate
archive/intermediate/stage3_3_engineered_features.csv,stage3_3_engineered_features.csv,.csv,1381,2026-08-23T03:49:38,INTERMEDIATE_ARTIFACT,Stage intermediate tabular artifact,INTERMEDIATE,HISTORICAL_REPRO,INTERMEDIATE,ARCHIVE,move_to_archive_intermediate
archive/intermediate/STAGE_5_SCIENTIFIC_PERFORMANCE_RECOVERY_REPORT.md,STAGE_5_SCIENTIFIC_PERFORMANCE_RECOVERY_REPORT.md,.md,8827,2026-08-23T04:31:04.920325,FINAL_REPORT,Stage Progress / Reconciliation Report,DOCUMENTATION,HISTORICAL_REPRO,UNIQUE,ARCHIVE,move_to_archive_intermediate
archive/intermediate/STAGE_5_1_QC_LEDGER.csv,STAGE_5_1_QC_LEDGER.csv,.csv,1053,2026-08-23T15:22:03.600353,INTERMEDIATE_ARTIFACT,Stage intermediate tabular artifact,INTERMEDIATE,HISTORICAL_REPRO,INTERMEDIATE,ARCHIVE,move_to_archive_intermediate
archive/intermediate/STAGE_5_3_NOVELTY_CANDIDATES.csv,STAGE_5_3_NOVELTY_CANDIDATES.csv,.csv,879,2026-08-23T15:44:28.901035,INTERMEDIATE_ARTIFACT,Stage intermediate tabular artifact,INTERMEDIATE,HISTORICAL_REPRO,INTERMEDIATE,ARCHIVE,move_to_archive_intermediate
archive/intermediate/STAGE_5_3_CLUSTER_ANALYSIS.csv,STAGE_5_3_CLUSTER_ANALYSIS.csv,.csv,150,2026-08-23T15:44:28.876990,INTERMEDIATE_ARTIFACT,Stage intermediate tabular artifact,INTERMEDIATE,HISTORICAL_REPRO,INTERMEDIATE,ARCHIVE,move_to_archive_intermediate
archive/intermediate/STAGE_5_4_BEST_EASY_INPUT_MODEL_PER_TARGET.csv,STAGE_5_4_BEST_EASY_INPUT_MODEL_PER_TARGET.csv,.csv,1364,2026-08-23T15:53:27.151978,INTERMEDIATE_ARTIFACT,Stage intermediate tabular artifact,INTERMEDIATE,HISTORICAL_REPRO,INTERMEDIATE,ARCHIVE,move_to_archive_intermediate
archive/intermediate/stage3_1_full_benchmark_results.csv,stage3_1_full_benchmark_results.csv,.csv,106826,2026-08-23T00:47:02.855326,INTERMEDIATE_ARTIFACT,Stage intermediate tabular artifact,INTERMEDIATE,HISTORICAL_REPRO,INTERMEDIATE,ARCHIVE,move_to_archive_intermediate
archive/intermediate/stage5_outlier_audit.csv,stage5_outlier_audit.csv,.csv,6424,2026-08-23T04:28:00,INTERMEDIATE_ARTIFACT,Stage intermediate tabular artifact,INTERMEDIATE,HISTORICAL_REPRO,INTERMEDIATE,ARCHIVE,move_to_archive_intermediate
archive/intermediate/STAGE_5_4_FINAL_REPORT.md,STAGE_5_4_FINAL_REPORT.md,.md,4808,2026-08-23T15:53:33.640809,FINAL_REPORT,Stage Progress / Reconciliation Report,DOCUMENTATION,HISTORICAL_REPRO,UNIQUE,ARCHIVE,move_to_archive_intermediate
archive/intermediate/STAGE_5_3_SAMPLE_CONTAMINATION_PROFILE.csv,STAGE_5_3_SAMPLE_CONTAMINATION_PROFILE.csv,.csv,3817,2026-08-23T15:44:28.883036,INTERMEDIATE_ARTIFACT,Stage intermediate tabular artifact,INTERMEDIATE,HISTORICAL_REPRO,INTERMEDIATE,ARCHIVE,move_to_archive_intermediate
archive/intermediate/STAGE_5_3_QC_LEDGER.csv,STAGE_5_3_QC_LEDGER.csv,.csv,769,2026-08-23T15:44:28.904035,INTERMEDIATE_ARTIFACT,Stage intermediate tabular artifact,INTERMEDIATE,HISTORICAL_REPRO,INTERMEDIATE,ARCHIVE,move_to_archive_intermediate
archive/intermediate/stage4_SHAP_summary.csv,stage4_SHAP_summary.csv,.csv,1126,2026-08-23T04:18:01.368498,INTERMEDIATE_ARTIFACT,Stage intermediate tabular artifact,INTERMEDIATE,HISTORICAL_REPRO,INTERMEDIATE,ARCHIVE,move_to_archive_intermediate
archive/intermediate/stage4_global_shap.csv,stage4_global_shap.csv,.csv,3790,2026-08-23T04:17:43.610719,INTERMEDIATE_ARTIFACT,Stage intermediate tabular artifact,INTERMEDIATE,HISTORICAL_REPRO,INTERMEDIATE,ARCHIVE,move_to_archive_intermediate
archive/intermediate/stage3_3_FINAL_MODEL_FREEZE.csv,stage3_3_FINAL_MODEL_FREEZE.csv,.csv,2629,2026-08-23T04:13:37.559868,INTERMEDIATE_ARTIFACT,Stage intermediate tabular artifact,INTERMEDIATE,HISTORICAL_REPRO,INTERMEDIATE,ARCHIVE,move_to_archive_intermediate
archive/intermediate/stage5_fold_results.csv,stage5_fold_results.csv,.csv,949742,2026-08-23T04:47:13.567284,INTERMEDIATE_ARTIFACT,Stage intermediate tabular artifact,INTERMEDIATE,HISTORICAL_REPRO,INTERMEDIATE,ARCHIVE,move_to_archive_intermediate
archive/intermediate/STAGE_5_2_IRRIGATION_FEASIBILITY_AUDIT.csv,STAGE_5_2_IRRIGATION_FEASIBILITY_AUDIT.csv,.csv,571,2026-08-23T15:25:12.570212,INTERMEDIATE_ARTIFACT,Stage intermediate tabular artifact,INTERMEDIATE,HISTORICAL_REPRO,INTERMEDIATE,ARCHIVE,move_to_archive_intermediate
archive/intermediate/STAGE_5_1_TARGET_CLASSIFICATION.csv,STAGE_5_1_TARGET_CLASSIFICATION.csv,.csv,1694,2026-08-23T15:20:59.295160,INTERMEDIATE_ARTIFACT,Stage intermediate tabular artifact,INTERMEDIATE,HISTORICAL_REPRO,INTERMEDIATE,ARCHIVE,move_to_archive_intermediate
archive/intermediate/STAGE_5_3_HIGH_CONTAMINATION_AUDIT.csv,STAGE_5_3_HIGH_CONTAMINATION_AUDIT.csv,.csv,790,2026-08-23T15:44:28.885036,INTERMEDIATE_ARTIFACT,Stage intermediate tabular artifact,INTERMEDIATE,HISTORICAL_REPRO,INTERMEDIATE,ARCHIVE,move_to_archive_intermediate
archive/intermediate/STAGE_5_3_METAL_DESCRIPTIVE_PROFILE.csv,STAGE_5_3_METAL_DESCRIPTIVE_PROFILE.csv,.csv,1115,2026-08-23T15:44:28.433047,INTERMEDIATE_ARTIFACT,Stage intermediate tabular artifact,INTERMEDIATE,HISTORICAL_REPRO,INTERMEDIATE,ARCHIVE,move_to_archive_intermediate
archive/intermediate/stage3_3_feature_inventory.csv,stage3_3_feature_inventory.csv,.csv,4700,2026-08-23T03:49:38,INTERMEDIATE_ARTIFACT,Stage intermediate tabular artifact,INTERMEDIATE,HISTORICAL_REPRO,INTERMEDIATE,ARCHIVE,move_to_archive_intermediate
archive/intermediate/STAGE_5_3_FACIES_STATISTICAL_TESTS.csv,STAGE_5_3_FACIES_STATISTICAL_TESTS.csv,.csv,1254,2026-08-23T15:44:28.635042,INTERMEDIATE_ARTIFACT,Stage intermediate tabular artifact,INTERMEDIATE,HISTORICAL_REPRO,INTERMEDIATE,ARCHIVE,move_to_archive_intermediate
archive/intermediate/STAGE_5_1_FINAL_REPORT.md,STAGE_5_1_FINAL_REPORT.md,.md,6130,2026-08-23T15:22:03.604997,FINAL_REPORT,Stage Progress / Reconciliation Report,DOCUMENTATION,HISTORICAL_REPRO,UNIQUE,ARCHIVE,move_to_archive_intermediate
archive/intermediate/STAGE_5_2_CASE_LEVEL_DECISION_AUDIT.csv,STAGE_5_2_CASE_LEVEL_DECISION_AUDIT.csv,.csv,7016,2026-08-23T15:25:12.566352,INTERMEDIATE_ARTIFACT,Stage intermediate tabular artifact,INTERMEDIATE,HISTORICAL_REPRO,INTERMEDIATE,ARCHIVE,move_to_archive_intermediate
archive/intermediate/STAGE_5_4_RELATIONSHIP_VS_PREDICTION_COMPARISON.csv,STAGE_5_4_RELATIONSHIP_VS_PREDICTION_COMPARISON.csv,.csv,645,2026-08-23T15:53:27.159978,INTERMEDIATE_ARTIFACT,Stage intermediate tabular artifact,INTERMEDIATE,HISTORICAL_REPRO,INTERMEDIATE,ARCHIVE,move_to_archive_intermediate
archive/intermediate/STAGE_5_2_HEAVY_METAL_SCREENING.csv,STAGE_5_2_HEAVY_METAL_SCREENING.csv,.csv,1018,2026-08-23T15:25:12.567872,INTERMEDIATE_ARTIFACT,Stage intermediate tabular artifact,INTERMEDIATE,HISTORICAL_REPRO,INTERMEDIATE,ARCHIVE,move_to_archive_intermediate
archive/intermediate/STAGE_5_3_IRRIGATION_QUALITY.csv,STAGE_5_3_IRRIGATION_QUALITY.csv,.csv,829,2026-08-23T15:44:28.893035,INTERMEDIATE_ARTIFACT,Stage intermediate tabular artifact,INTERMEDIATE,HISTORICAL_REPRO,INTERMEDIATE,ARCHIVE,move_to_archive_intermediate
archive/intermediate/STAGE_5_2_QC_LEDGER.csv,STAGE_5_2_QC_LEDGER.csv,.csv,925,2026-08-23T15:25:12.572351,INTERMEDIATE_ARTIFACT,Stage intermediate tabular artifact,INTERMEDIATE,HISTORICAL_REPRO,INTERMEDIATE,ARCHIVE,move_to_archive_intermediate
archive/intermediate/stage5_final_candidates.csv,stage5_final_candidates.csv,.csv,2691,2026-08-23T04:47:13.885150,INTERMEDIATE_ARTIFACT,Stage intermediate tabular artifact,INTERMEDIATE,HISTORICAL_REPRO,INTERMEDIATE,ARCHIVE,move_to_archive_intermediate
archive/intermediate/STAGE_5_1_MODEL_RESULTS.csv,STAGE_5_1_MODEL_RESULTS.csv,.csv,50145,2026-08-23T15:22:03.531599,INTERMEDIATE_ARTIFACT,Stage intermediate tabular artifact,INTERMEDIATE,HISTORICAL_REPRO,INTERMEDIATE,ARCHIVE,move_to_archive_intermediate
archive/intermediate/STAGE_5_2_MODEL_RECONSTRUCTION_AUDIT.csv,STAGE_5_2_MODEL_RECONSTRUCTION_AUDIT.csv,.csv,304,2026-08-23T15:25:12.381356,INTERMEDIATE_ARTIFACT,Stage intermediate tabular artifact,INTERMEDIATE,HISTORICAL_REPRO,INTERMEDIATE,ARCHIVE,move_to_archive_intermediate
archive/intermediate/STAGE_5_2_FINAL_REPORT.md,STAGE_5_2_FINAL_REPORT.md,.md,4668,2026-08-23T15:25:14.617378,FINAL_REPORT,Stage Progress / Reconciliation Report,DOCUMENTATION,HISTORICAL_REPRO,UNIQUE,ARCHIVE,move_to_archive_intermediate
archive/intermediate/STAGE_5_2_OOF_PREDICTIONS.csv,STAGE_5_2_OOF_PREDICTIONS.csv,.csv,3319,2026-08-23T15:25:12.547352,INTERMEDIATE_ARTIFACT,Stage intermediate tabular artifact,INTERMEDIATE,HISTORICAL_REPRO,INTERMEDIATE,ARCHIVE,move_to_archive_intermediate
archive/intermediate/STAGE_5_4_VARIABLE_AUDIT.csv,STAGE_5_4_VARIABLE_AUDIT.csv,.csv,4968,2026-08-23T15:52:47.453014,INTERMEDIATE_ARTIFACT,Stage intermediate tabular artifact,INTERMEDIATE,HISTORICAL_REPRO,INTERMEDIATE,ARCHIVE,move_to_archive_intermediate
archive/intermediate/STAGE_5_3_PCA_LOADINGS.csv,STAGE_5_3_PCA_LOADINGS.csv,.csv,1303,2026-08-23T15:44:28.864036,INTERMEDIATE_ARTIFACT,Stage intermediate tabular artifact,INTERMEDIATE,HISTORICAL_REPRO,INTERMEDIATE,ARCHIVE,move_to_archive_intermediate
archive/intermediate/stage4_shap_stability.csv,stage4_shap_stability.csv,.csv,2526,2026-08-23T04:18:01.169500,INTERMEDIATE_ARTIFACT,Stage intermediate tabular artifact,INTERMEDIATE,HISTORICAL_REPRO,INTERMEDIATE,ARCHIVE,move_to_archive_intermediate
archive/intermediate/stage3_1_raw_vs_log1p_comparison.csv,stage3_1_raw_vs_log1p_comparison.csv,.csv,41510,2026-08-23T00:47:03.000324,INTERMEDIATE_ARTIFACT,Stage intermediate tabular artifact,INTERMEDIATE,HISTORICAL_REPRO,INTERMEDIATE,ARCHIVE,move_to_archive_intermediate
archive/intermediate/STAGE_5_3_DRINKING_WATER_COMPLIANCE.csv,STAGE_5_3_DRINKING_WATER_COMPLIANCE.csv,.csv,568,2026-08-23T15:44:28.898022,INTERMEDIATE_ARTIFACT,Stage intermediate tabular artifact,INTERMEDIATE,HISTORICAL_REPRO,INTERMEDIATE,ARCHIVE,move_to_archive_intermediate
scripts/phase7_shap_interpretation.py,phase7_shap_interpretation.py,.py,5547,2026-08-22T22:20:20.907552,RESEARCH_SCRIPT,Pipeline or analysis research script,PIPELINE,CRITICAL_REPRO,UNIQUE,KEEP_ACTIVE,preserve
scripts/stage3_2_performance_optimization.py,stage3_2_performance_optimization.py,.py,34471,2026-08-23T02:09:34.549082,RESEARCH_SCRIPT,Pipeline or analysis research script,PIPELINE,CRITICAL_REPRO,UNIQUE,KEEP_ACTIVE,preserve
scripts/audit_phase1_qa_qc.py,audit_phase1_qa_qc.py,.py,7949,2026-08-22T21:11:23.720526,RESEARCH_SCRIPT,Pipeline or analysis research script,PIPELINE,CRITICAL_REPRO,UNIQUE,KEEP_ACTIVE,preserve
scripts/phase4_feature_engineering.py,phase4_feature_engineering.py,.py,10229,2026-08-22T23:18:59.488518,RESEARCH_SCRIPT,Pipeline or analysis research script,PIPELINE,CRITICAL_REPRO,UNIQUE,KEEP_ACTIVE,preserve
scripts/stage5_1_easy_input_feasibility_audit.py,stage5_1_easy_input_feasibility_audit.py,.py,42229,2026-08-23T15:20:53.468216,RESEARCH_SCRIPT,Pipeline or analysis research script,PIPELINE,CRITICAL_REPRO,UNIQUE,KEEP_ACTIVE,preserve
scripts/stage3_1_target_transform_audit.py,stage3_1_target_transform_audit.py,.py,20490,2026-08-23T00:36:58.289498,RESEARCH_SCRIPT,Pipeline or analysis research script,PIPELINE,CRITICAL_REPRO,UNIQUE,KEEP_ACTIVE,preserve
scripts/phase1_5_hydrochemistry.py,phase1_5_hydrochemistry.py,.py,7812,2026-08-22T21:11:30.115638,RESEARCH_SCRIPT,Pipeline or analysis research script,PIPELINE,CRITICAL_REPRO,UNIQUE,KEEP_ACTIVE,preserve
scripts/phase5_ml_modeling.py,phase5_ml_modeling.py,.py,18151,2026-08-23T00:15:01.441504,RESEARCH_SCRIPT,Pipeline or analysis research script,PIPELINE,CRITICAL_REPRO,UNIQUE,KEEP_ACTIVE,preserve
scripts/master_groundwater_screening_architecture_v2.py,master_groundwater_screening_architecture_v2.py,.py,55913,2026-08-23T17:10:35.782394,RESEARCH_SCRIPT,Pipeline or analysis research script,PIPELINE,CRITICAL_REPRO,UNIQUE,KEEP_ACTIVE,preserve
scripts/stage5_3_hydrochemical_regime_association.py,stage5_3_hydrochemical_regime_association.py,.py,53310,2026-08-23T15:44:21.437230,RESEARCH_SCRIPT,Pipeline or analysis research script,PIPELINE,CRITICAL_REPRO,UNIQUE,KEEP_ACTIVE,preserve
scripts/stage5_scientific_performance_recovery.py,stage5_scientific_performance_recovery.py,.py,35340,2026-08-23T04:43:06.040004,RESEARCH_SCRIPT,Pipeline or analysis research script,PIPELINE,CRITICAL_REPRO,UNIQUE,KEEP_ACTIVE,preserve
scripts/stage5_2_tiered_screening_and_conformal.py,stage5_2_tiered_screening_and_conformal.py,.py,35654,2026-08-23T15:25:06.436513,RESEARCH_SCRIPT,Pipeline or analysis research script,PIPELINE,CRITICAL_REPRO,UNIQUE,KEEP_ACTIVE,preserve
scripts/stage5_4_multi_metal_prediction_feasibility.py,stage5_4_multi_metal_prediction_feasibility.py,.py,42627,2026-08-23T15:52:39.715216,RESEARCH_SCRIPT,Pipeline or analysis research script,PIPELINE,CRITICAL_REPRO,UNIQUE,KEEP_ACTIVE,preserve
scripts/phase2_risk_indices.py,phase2_risk_indices.py,.py,13383,2026-08-22T22:58:20.877563,RESEARCH_SCRIPT,Pipeline or analysis research script,PIPELINE,CRITICAL_REPRO,UNIQUE,KEEP_ACTIVE,preserve
scripts/master_groundwater_screening_architecture.py,master_groundwater_screening_architecture.py,.py,45699,2026-08-23T16:26:17.728518,RESEARCH_SCRIPT,Pipeline or analysis research script,PIPELINE,CRITICAL_REPRO,UNIQUE,KEEP_ACTIVE,preserve
scripts/reorganize_project.py,reorganize_project.py,.py,11136,2026-08-23T18:09:39.001857,RESEARCH_SCRIPT,Pipeline or analysis research script,PIPELINE,CRITICAL_REPRO,UNIQUE,KEEP_ACTIVE,preserve
scripts/stage3_3_hydrochemical_refinement.py,stage3_3_hydrochemical_refinement.py,.py,50589,2026-08-23T03:52:05.206564,RESEARCH_SCRIPT,Pipeline or analysis research script,PIPELINE,CRITICAL_REPRO,UNIQUE,KEEP_ACTIVE,preserve
scripts/__pycache__/phase5_ml_modeling.cpython-312.pyc,phase5_ml_modeling.cpython-312.pyc,.pyc,21242,2026-08-22T23:30:49.381148,RESEARCH_SCRIPT,Pipeline or analysis research script,PIPELINE,CRITICAL_REPRO,UNIQUE,KEEP_ACTIVE,preserve
scripts/__pycache__/stage5_scientific_performance_recovery.cpython-312.pyc,stage5_scientific_performance_recovery.cpython-312.pyc,.pyc,34702,2026-08-23T04:43:09.875787,RESEARCH_SCRIPT,Pipeline or analysis research script,PIPELINE,CRITICAL_REPRO,UNIQUE,KEEP_ACTIVE,preserve
scripts/__pycache__/stage3_3_hydrochemical_refinement.cpython-312.pyc,stage3_3_hydrochemical_refinement.cpython-312.pyc,.pyc,47942,2026-08-23T03:52:09.004377,RESEARCH_SCRIPT,Pipeline or analysis research script,PIPELINE,CRITICAL_REPRO,UNIQUE,KEEP_ACTIVE,preserve
reports/north_bengal_groundwater_hotspots.html,north_bengal_groundwater_hotspots.html,.html,74853,2026-08-22T22:58:26.388515,FINAL_REPORT,Formal Scientific Audit Report,DOCUMENTATION,CRITICAL_AUDIT,UNIQUE,KEEP_ACTIVE,preserve
reports/PHASE1_5_HYDROCHEMICAL_CHARACTERIZATION.md,PHASE1_5_HYDROCHEMICAL_CHARACTERIZATION.md,.md,7017,2026-08-22T21:10:19.145306,FINAL_REPORT,Formal Scientific Audit Report,DOCUMENTATION,CRITICAL_AUDIT,UNIQUE,KEEP_ACTIVE,preserve
reports/shap_importance_As_num.png,shap_importance_As_num.png,.png,102223,2026-08-22T22:29:33.636346,FINAL_REPORT,Formal Scientific Audit Report,DOCUMENTATION,CRITICAL_AUDIT,UNIQUE,KEEP_ACTIVE,preserve
reports/shap_importance_HEI.png,shap_importance_HEI.png,.png,109643,2026-08-22T22:29:35.246346,FINAL_REPORT,Formal Scientific Audit Report,DOCUMENTATION,CRITICAL_AUDIT,UNIQUE,KEEP_ACTIVE,preserve
reports/PHASE2_RISK_INDICES_AND_HOTSPOT_REPORT.md,PHASE2_RISK_INDICES_AND_HOTSPOT_REPORT.md,.md,6286,2026-08-22T21:17:02.054614,FINAL_REPORT,Formal Scientific Audit Report,DOCUMENTATION,CRITICAL_AUDIT,UNIQUE,KEEP_ACTIVE,preserve
reports/PHASE1_DATASET_AND_HYDROCHEMICAL_AUDIT.md,PHASE1_DATASET_AND_HYDROCHEMICAL_AUDIT.md,.md,12371,2026-08-22T20:57:22.800352,FINAL_REPORT,Formal Scientific Audit Report,DOCUMENTATION,CRITICAL_AUDIT,UNIQUE,KEEP_ACTIVE,preserve
reports/shap_importance_Fe_num.png,shap_importance_Fe_num.png,.png,108269,2026-08-22T22:29:34.050346,FINAL_REPORT,Formal Scientific Audit Report,DOCUMENTATION,CRITICAL_AUDIT,UNIQUE,KEEP_ACTIVE,preserve
reports/shap_importance_HPI.png,shap_importance_HPI.png,.png,118196,2026-08-22T22:29:34.866346,FINAL_REPORT,Formal Scientific Audit Report,DOCUMENTATION,CRITICAL_AUDIT,UNIQUE,KEEP_ACTIVE,preserve
reports/shap_importance_Mn_num.png,shap_importance_Mn_num.png,.png,97157,2026-08-22T22:29:34.419346,FINAL_REPORT,Formal Scientific Audit Report,DOCUMENTATION,CRITICAL_AUDIT,UNIQUE,KEEP_ACTIVE,preserve
reports/shap_importance_WQI.png,shap_importance_WQI.png,.png,125194,2026-08-22T22:29:35.620347,FINAL_REPORT,Formal Scientific Audit Report,DOCUMENTATION,CRITICAL_AUDIT,UNIQUE,KEEP_ACTIVE,preserve
figures/stage4/ni_shap_beeswarm.png,ni_shap_beeswarm.png,.png,215460,2026-08-23T04:17:44.575707,UNKNOWN,Uncategorized file,UNKNOWN,UNCHECKED,UNKNOWN,ARCHIVE,move_to_archive_intermediate
figures/stage4/pb_shap_beeswarm.png,pb_shap_beeswarm.png,.png,159939,2026-08-23T04:17:47.106676,UNKNOWN,Uncategorized file,UNKNOWN,UNCHECKED,UNKNOWN,ARCHIVE,move_to_archive_intermediate
figures/stage4/pb_top3_dependence.png,pb_top3_dependence.png,.png,199503,2026-08-23T04:17:48.989652,UNKNOWN,Uncategorized file,UNKNOWN,UNCHECKED,UNKNOWN,ARCHIVE,move_to_archive_intermediate
figures/stage4/ni_top2_dependence.png,ni_top2_dependence.png,.png,217475,2026-08-23T04:17:46.136688,UNKNOWN,Uncategorized file,UNKNOWN,UNCHECKED,UNKNOWN,ARCHIVE,move_to_archive_intermediate
figures/stage4/pb_top1_dependence.png,pb_top1_dependence.png,.png,181123,2026-08-23T04:17:47.949665,UNKNOWN,Uncategorized file,UNKNOWN,UNCHECKED,UNKNOWN,ARCHIVE,move_to_archive_intermediate
figures/stage4/ni_top3_dependence.png,ni_top3_dependence.png,.png,220505,2026-08-23T04:17:46.638682,UNKNOWN,Uncategorized file,UNKNOWN,UNCHECKED,UNKNOWN,ARCHIVE,move_to_archive_intermediate
figures/stage4/ni_top1_dependence.png,ni_top1_dependence.png,.png,219063,2026-08-23T04:17:45.556695,UNKNOWN,Uncategorized file,UNKNOWN,UNCHECKED,UNKNOWN,ARCHIVE,move_to_archive_intermediate
figures/stage4/pb_shap_bar.png,pb_shap_bar.png,.png,97613,2026-08-23T04:17:47.443672,UNKNOWN,Uncategorized file,UNKNOWN,UNCHECKED,UNKNOWN,ARCHIVE,move_to_archive_intermediate
figures/stage4/ni_shap_bar.png,ni_shap_bar.png,.png,135244,2026-08-23T04:17:44.989702,UNKNOWN,Uncategorized file,UNKNOWN,UNCHECKED,UNKNOWN,ARCHIVE,move_to_archive_intermediate
figures/stage4/pb_top2_dependence.png,pb_top2_dependence.png,.png,200732,2026-08-23T04:17:48.460659,UNKNOWN,Uncategorized file,UNKNOWN,UNCHECKED,UNKNOWN,ARCHIVE,move_to_archive_intermediate
ref pep/1.pdf,1.pdf,.pdf,11784176,2026-08-22T18:57:55.824047,UNKNOWN,Uncategorized file,UNKNOWN,UNCHECKED,UNKNOWN,ARCHIVE,move_to_archive_intermediate
ref pep/2.pdf,2.pdf,.pdf,5119762,2026-08-21T00:16:08.349467,UNKNOWN,Uncategorized file,UNKNOWN,UNCHECKED,UNKNOWN,ARCHIVE,move_to_archive_intermediate
ref pep/9.pdf,9.pdf,.pdf,4888720,2026-08-21T00:09:04.175541,UNKNOWN,Uncategorized file,UNKNOWN,UNCHECKED,UNKNOWN,ARCHIVE,move_to_archive_intermediate
ref pep/file_mapping.txt,file_mapping.txt,.txt,1252,2026-08-22T19:56:57.769242,UNKNOWN,Uncategorized file,UNKNOWN,UNCHECKED,UNKNOWN,ARCHIVE,move_to_archive_intermediate
ref pep/6.pdf,6.pdf,.pdf,5476494,2026-08-21T00:14:36.300536,UNKNOWN,Uncategorized file,UNKNOWN,UNCHECKED,UNKNOWN,ARCHIVE,move_to_archive_intermediate
ref pep/8.pdf,8.pdf,.pdf,2413241,2026-08-21T00:18:32.594524,UNKNOWN,Uncategorized file,UNKNOWN,UNCHECKED,UNKNOWN,ARCHIVE,move_to_archive_intermediate
ref pep/14.pdf,14.pdf,.pdf,1817,2026-08-22T19:51:52.762320,UNKNOWN,Uncategorized file,UNKNOWN,UNCHECKED,UNKNOWN,ARCHIVE,move_to_archive_intermediate
ref pep/5.pdf,5.pdf,.pdf,3377804,2026-08-21T00:17:44.376991,UNKNOWN,Uncategorized file,UNKNOWN,UNCHECKED,UNKNOWN,ARCHIVE,move_to_archive_intermediate
ref pep/groundwater_literature_review.pdf,groundwater_literature_review.pdf,.pdf,91970,2026-08-22T20:13:17.286529,UNKNOWN,Uncategorized file,UNKNOWN,UNCHECKED,UNKNOWN,ARCHIVE,move_to_archive_intermediate
ref pep/10.pdf,10.pdf,.pdf,4682496,2026-08-22T19:52:49.816252,UNKNOWN,Uncategorized file,UNKNOWN,UNCHECKED,UNKNOWN,ARCHIVE,move_to_archive_intermediate
ref pep/13.pdf,13.pdf,.pdf,4086037,2026-08-22T19:53:06.347373,UNKNOWN,Uncategorized file,UNKNOWN,UNCHECKED,UNKNOWN,ARCHIVE,move_to_archive_intermediate
ref pep/12.pdf,12.pdf,.pdf,2644500,2026-08-22T19:53:02.838348,UNKNOWN,Uncategorized file,UNKNOWN,UNCHECKED,UNKNOWN,ARCHIVE,move_to_archive_intermediate
ref pep/17.pdf,17.pdf,.pdf,2406785,2026-08-22T19:53:13.038420,UNKNOWN,Uncategorized file,UNKNOWN,UNCHECKED,UNKNOWN,ARCHIVE,move_to_archive_intermediate
ref pep/7.pdf,7.pdf,.pdf,4317969,2026-08-22T18:55:42.062516,UNKNOWN,Uncategorized file,UNKNOWN,UNCHECKED,UNKNOWN,ARCHIVE,move_to_archive_intermediate
ref pep/4.pdf,4.pdf,.pdf,2107434,2026-08-21T00:12:32.030567,UNKNOWN,Uncategorized file,UNKNOWN,UNCHECKED,UNKNOWN,ARCHIVE,move_to_archive_intermediate
ref pep/16.pdf,16.pdf,.pdf,1817,2026-08-22T19:51:53.901351,UNKNOWN,Uncategorized file,UNKNOWN,UNCHECKED,UNKNOWN,ARCHIVE,move_to_archive_intermediate
ref pep/3.pdf,3.pdf,.pdf,16545254,2026-08-22T18:59:41.417693,UNKNOWN,Uncategorized file,UNKNOWN,UNCHECKED,UNKNOWN,ARCHIVE,move_to_archive_intermediate
ref pep/15.pdf,15.pdf,.pdf,3989253,2026-08-22T19:53:09.703397,UNKNOWN,Uncategorized file,UNKNOWN,UNCHECKED,UNKNOWN,ARCHIVE,move_to_archive_intermediate
ref pep/11.pdf,11.pdf,.pdf,24384,2026-08-22T19:53:27.563517,UNKNOWN,Uncategorized file,UNKNOWN,UNCHECKED,UNKNOWN,ARCHIVE,move_to_archive_intermediate
data/processed/phase4_features_track2_parsimonious.csv,phase4_features_track2_parsimonious.csv,.csv,6431,2026-08-22T23:19:06.450199,PROCESSED_DATA,Cleaned Hydrochemical Feature Set,PREPROCESSING,CRITICAL_ML_DEP,UNIQUE,KEEP_ACTIVE,preserve
data/processed/phase2_risk_indices_results.csv,phase2_risk_indices_results.csv,.csv,40274,2026-08-22T22:58:26.321339,PROCESSED_DATA,Cleaned Hydrochemical Feature Set,PREPROCESSING,CRITICAL_ML_DEP,UNIQUE,KEEP_ACTIVE,preserve
data/processed/phase4_features_track1_parsimonious.csv,phase4_features_track1_parsimonious.csv,.csv,4714,2026-08-22T23:19:06.445941,PROCESSED_DATA,Cleaned Hydrochemical Feature Set,PREPROCESSING,CRITICAL_ML_DEP,UNIQUE,KEEP_ACTIVE,preserve
data/processed/phase4_features_track1.csv,phase4_features_track1.csv,.csv,9733,2026-08-22T23:19:06.443942,PROCESSED_DATA,Cleaned Hydrochemical Feature Set,PREPROCESSING,CRITICAL_ML_DEP,UNIQUE,KEEP_ACTIVE,preserve
data/processed/phase4_features_track1_full.csv,phase4_features_track1_full.csv,.csv,9733,2026-08-22T23:19:06.436942,PROCESSED_DATA,Cleaned Hydrochemical Feature Set,PREPROCESSING,CRITICAL_ML_DEP,UNIQUE,KEEP_ACTIVE,preserve
data/processed/phase7_shap_importance_summary.csv,phase7_shap_importance_summary.csv,.csv,3575,2026-08-22T22:29:35.675347,PROCESSED_DATA,Cleaned Hydrochemical Feature Set,PREPROCESSING,CRITICAL_ML_DEP,UNIQUE,KEEP_ACTIVE,preserve
data/processed/feature_metadata.json,feature_metadata.json,.json,1684,2026-08-22T23:19:06.450356,PROCESSED_DATA,Cleaned Hydrochemical Feature Set,PREPROCESSING,CRITICAL_ML_DEP,UNIQUE,KEEP_ACTIVE,preserve
data/processed/phase5_ml_performance_summary.csv,phase5_ml_performance_summary.csv,.csv,9676,2026-08-22T22:29:26.825342,PROCESSED_DATA,Cleaned Hydrochemical Feature Set,PREPROCESSING,CRITICAL_ML_DEP,UNIQUE,KEEP_ACTIVE,preserve
data/processed/phase4_features_track2.csv,phase4_features_track2.csv,.csv,11450,2026-08-22T23:19:06.449326,PROCESSED_DATA,Cleaned Hydrochemical Feature Set,PREPROCESSING,CRITICAL_ML_DEP,UNIQUE,KEEP_ACTIVE,preserve
data/processed/phase4_features_track2_full.csv,phase4_features_track2_full.csv,.csv,11450,2026-08-22T23:19:06.448168,PROCESSED_DATA,Cleaned Hydrochemical Feature Set,PREPROCESSING,CRITICAL_ML_DEP,UNIQUE,KEEP_ACTIVE,preserve
data/processed/phase1_5_hydrochemistry_results.csv,phase1_5_hydrochemistry_results.csv,.csv,32537,2026-08-22T21:11:38.832787,PROCESSED_DATA,Cleaned Hydrochemical Feature Set,PREPROCESSING,CRITICAL_ML_DEP,UNIQUE,KEEP_ACTIVE,preserve
data/processed/models/track1_Fe_num_Lasso_pipeline.pkl,track1_Fe_num_Lasso_pipeline.pkl,.pkl,5305,2026-08-22T22:22:49.042892,PROCESSED_DATA,Cleaned Hydrochemical Feature Set,PREPROCESSING,CRITICAL_ML_DEP,UNIQUE,KEEP_ACTIVE,preserve
data/processed/models/track1_Mn_num_Lasso_pipeline.pkl,track1_Mn_num_Lasso_pipeline.pkl,.pkl,5305,2026-08-22T22:23:43.968989,PROCESSED_DATA,Cleaned Hydrochemical Feature Set,PREPROCESSING,CRITICAL_ML_DEP,UNIQUE,KEEP_ACTIVE,preserve
data/processed/models/track2_HPI_SVR_RBF_pipeline.pkl,track2_HPI_SVR_RBF_pipeline.pkl,.pkl,15262,2026-08-22T22:27:28.715261,PROCESSED_DATA,Cleaned Hydrochemical Feature Set,PREPROCESSING,CRITICAL_ML_DEP,UNIQUE,KEEP_ACTIVE,preserve
data/processed/models/track2_WQI_ElasticNet_pipeline.pkl,track2_WQI_ElasticNet_pipeline.pkl,.pkl,5321,2026-08-22T22:29:26.786342,PROCESSED_DATA,Cleaned Hydrochemical Feature Set,PREPROCESSING,CRITICAL_ML_DEP,UNIQUE,KEEP_ACTIVE,preserve
data/processed/models/track2_HEI_SVR_RBF_pipeline.pkl,track2_HEI_SVR_RBF_pipeline.pkl,.pkl,11486,2026-08-22T22:28:30.853308,PROCESSED_DATA,Cleaned Hydrochemical Feature Set,PREPROCESSING,CRITICAL_ML_DEP,UNIQUE,KEEP_ACTIVE,preserve
data/processed/models/track1_Ni_num_SVR_RBF_pipeline.pkl,track1_Ni_num_SVR_RBF_pipeline.pkl,.pkl,15030,2026-08-22T22:25:33.047143,PROCESSED_DATA,Cleaned Hydrochemical Feature Set,PREPROCESSING,CRITICAL_ML_DEP,UNIQUE,KEEP_ACTIVE,preserve
data/processed/models/track1_Zn_num_SVR_RBF_pipeline.pkl,track1_Zn_num_SVR_RBF_pipeline.pkl,.pkl,13838,2026-08-22T22:26:28.003205,PROCESSED_DATA,Cleaned Hydrochemical Feature Set,PREPROCESSING,CRITICAL_ML_DEP,UNIQUE,KEEP_ACTIVE,preserve
data/processed/models/track1_Pb_num_SVR_RBF_pipeline.pkl,track1_Pb_num_SVR_RBF_pipeline.pkl,.pkl,14086,2026-08-22T22:24:37.923071,PROCESSED_DATA,Cleaned Hydrochemical Feature Set,PREPROCESSING,CRITICAL_ML_DEP,UNIQUE,KEEP_ACTIVE,preserve
data/processed/models/track1_As_num_SVR_RBF_pipeline.pkl,track1_As_num_SVR_RBF_pipeline.pkl,.pkl,15030,2026-08-22T22:21:51.682775,PROCESSED_DATA,Cleaned Hydrochemical Feature Set,PREPROCESSING,CRITICAL_ML_DEP,UNIQUE,KEEP_ACTIVE,preserve
data/raw/Groundwater_quality_data_Northbengal.xlsx,Groundwater_quality_data_Northbengal.xlsx,.xlsx,16591,2026-08-22T21:11:19.480364,FINAL_SOURCE_DATA,Original North Bengal Groundwater Field Dataset,DATA_INGESTION,CRITICAL_SOURCE,UNIQUE,KEEP_ACTIVE,preserve
data/raw/Groundwater quality data_Northbengal.xlsx,Groundwater quality data_Northbengal.xlsx,.xlsx,16591,2026-08-20T21:55:07.823049,FINAL_SOURCE_DATA,Original North Bengal Groundwater Field Dataset,DATA_INGESTION,CRITICAL_SOURCE,UNIQUE,KEEP_ACTIVE,preserve
docs/NORTH_BENGAL_GROUNDWATER_RESEARCH_ROADMAP.md,NORTH_BENGAL_GROUNDWATER_RESEARCH_ROADMAP.md,.md,5169,2026-08-22T22:29:40.832349,DOCUMENTATION,Project documentation / guide,DOCUMENTATION,REFERENCE,UNIQUE,KEEP_ACTIVE,preserve
docs/RESEARCH_CONTEXT_AND_METHODOLOGY_PLAN.md,RESEARCH_CONTEXT_AND_METHODOLOGY_PLAN.md,.md,5058,2026-08-21T00:40:04.078949,DOCUMENTATION,Project documentation / guide,DOCUMENTATION,REFERENCE,UNIQUE,KEEP_ACTIVE,preserve
docs/PHASE3_RESEARCH_QUESTIONS.md,PHASE3_RESEARCH_QUESTIONS.md,.md,6595,2026-08-22T21:29:38.171913,FINAL_REPORT,Stage Progress / Reconciliation Report,DOCUMENTATION,HISTORICAL_REPRO,UNIQUE,ARCHIVE,move_to_archive_intermediate
output/stage5_2/STAGE_5_2_CONFORMAL_INTERVALS.csv,STAGE_5_2_CONFORMAL_INTERVALS.csv,.csv,2259,2026-08-23T15:25:12.552000,INTERMEDIATE_ARTIFACT,Stage intermediate tabular artifact,INTERMEDIATE,HISTORICAL_REPRO,INTERMEDIATE,ARCHIVE,move_to_archive_intermediate
output/stage5_2/STAGE_5_2_CONFORMAL_COVERAGE.csv,STAGE_5_2_CONFORMAL_COVERAGE.csv,.csv,352,2026-08-23T15:25:12.554264,INTERMEDIATE_ARTIFACT,Stage intermediate tabular artifact,INTERMEDIATE,HISTORICAL_REPRO,INTERMEDIATE,ARCHIVE,move_to_archive_intermediate
output/stage5_2/STAGE_5_2_DRINKING_FEASIBILITY_AUDIT.csv,STAGE_5_2_DRINKING_FEASIBILITY_AUDIT.csv,.csv,533,2026-08-23T15:25:12.569351,INTERMEDIATE_ARTIFACT,Stage intermediate tabular artifact,INTERMEDIATE,HISTORICAL_REPRO,INTERMEDIATE,ARCHIVE,move_to_archive_intermediate
output/stage5_2/STAGE_5_2_GUIDELINE_CONFIGURATION.csv,STAGE_5_2_GUIDELINE_CONFIGURATION.csv,.csv,546,2026-08-23T15:25:12.555352,INTERMEDIATE_ARTIFACT,Stage intermediate tabular artifact,INTERMEDIATE,HISTORICAL_REPRO,INTERMEDIATE,ARCHIVE,move_to_archive_intermediate
output/stage5_2/STAGE_5_2_DECISION_CASES.csv,STAGE_5_2_DECISION_CASES.csv,.csv,4041,2026-08-23T15:25:12.564352,INTERMEDIATE_ARTIFACT,Stage intermediate tabular artifact,INTERMEDIATE,HISTORICAL_REPRO,INTERMEDIATE,ARCHIVE,move_to_archive_intermediate
output/stage5_2/STAGE_5_2_IRRIGATION_FEASIBILITY_AUDIT.csv,STAGE_5_2_IRRIGATION_FEASIBILITY_AUDIT.csv,.csv,571,2026-08-23T15:25:12.571352,INTERMEDIATE_ARTIFACT,Stage intermediate tabular artifact,INTERMEDIATE,HISTORICAL_REPRO,INTERMEDIATE,ARCHIVE,move_to_archive_intermediate
output/stage5_2/STAGE_5_2_CASE_LEVEL_DECISION_AUDIT.csv,STAGE_5_2_CASE_LEVEL_DECISION_AUDIT.csv,.csv,7016,2026-08-23T15:25:12.567089,INTERMEDIATE_ARTIFACT,Stage intermediate tabular artifact,INTERMEDIATE,HISTORICAL_REPRO,INTERMEDIATE,ARCHIVE,move_to_archive_intermediate
output/stage5_2/STAGE_5_2_HEAVY_METAL_SCREENING.csv,STAGE_5_2_HEAVY_METAL_SCREENING.csv,.csv,1018,2026-08-23T15:25:12.568298,INTERMEDIATE_ARTIFACT,Stage intermediate tabular artifact,INTERMEDIATE,HISTORICAL_REPRO,INTERMEDIATE,ARCHIVE,move_to_archive_intermediate
output/stage5_2/STAGE_5_2_QC_LEDGER.csv,STAGE_5_2_QC_LEDGER.csv,.csv,925,2026-08-23T15:25:12.572939,INTERMEDIATE_ARTIFACT,Stage intermediate tabular artifact,INTERMEDIATE,HISTORICAL_REPRO,INTERMEDIATE,ARCHIVE,move_to_archive_intermediate
output/stage5_2/STAGE_5_2_MODEL_RECONSTRUCTION_AUDIT.csv,STAGE_5_2_MODEL_RECONSTRUCTION_AUDIT.csv,.csv,304,2026-08-23T15:25:12.382356,INTERMEDIATE_ARTIFACT,Stage intermediate tabular artifact,INTERMEDIATE,HISTORICAL_REPRO,INTERMEDIATE,ARCHIVE,move_to_archive_intermediate
output/stage5_2/STAGE_5_2_OOF_PREDICTIONS.csv,STAGE_5_2_OOF_PREDICTIONS.csv,.csv,3319,2026-08-23T15:25:12.548352,INTERMEDIATE_ARTIFACT,Stage intermediate tabular artifact,INTERMEDIATE,HISTORICAL_REPRO,INTERMEDIATE,ARCHIVE,move_to_archive_intermediate
output/stage5_2/figures/tier1_decision_flow_diagram.png,tier1_decision_flow_diagram.png,.png,183014,2026-08-23T15:25:14.557299,UNKNOWN,Uncategorized file,UNKNOWN,UNCHECKED,UNKNOWN,ARCHIVE,move_to_archive_intermediate
output/stage5_2/figures/conformal_coverage_plot.png,conformal_coverage_plot.png,.png,85281,2026-08-23T15:25:14.065312,UNKNOWN,Uncategorized file,UNKNOWN,UNCHECKED,UNKNOWN,ARCHIVE,move_to_archive_intermediate
output/stage5_2/figures/ni_guideline_threshold_uncertainty.png,ni_guideline_threshold_uncertainty.png,.png,133976,2026-08-23T15:25:13.815319,UNKNOWN,Uncategorized file,UNKNOWN,UNCHECKED,UNKNOWN,ARCHIVE,move_to_archive_intermediate
output/stage5_2/figures/ni_conformal_prediction_intervals.png,ni_conformal_prediction_intervals.png,.png,172359,2026-08-23T15:25:13.333331,UNKNOWN,Uncategorized file,UNKNOWN,UNCHECKED,UNKNOWN,ARCHIVE,move_to_archive_intermediate
output/stage5_2/figures/prediction_interval_width_distribution.png,prediction_interval_width_distribution.png,.png,89932,2026-08-23T15:25:14.327305,UNKNOWN,Uncategorized file,UNKNOWN,UNCHECKED,UNKNOWN,ARCHIVE,move_to_archive_intermediate
output/stage5_2/figures/ni_observed_vs_predicted.png,ni_observed_vs_predicted.png,.png,186456,2026-08-23T15:25:12.949342,UNKNOWN,Uncategorized file,UNKNOWN,UNCHECKED,UNKNOWN,ARCHIVE,move_to_archive_intermediate
output/stage5_3/STAGE_5_3_DATA_INVENTORY.csv,STAGE_5_3_DATA_INVENTORY.csv,.csv,1302,2026-08-23T15:44:28.413048,INTERMEDIATE_ARTIFACT,Stage intermediate tabular artifact,INTERMEDIATE,HISTORICAL_REPRO,INTERMEDIATE,ARCHIVE,move_to_archive_intermediate
output/stage5_3/STAGE_5_3_METAL_CORRELATION_MATRIX.csv,STAGE_5_3_METAL_CORRELATION_MATRIX.csv,.csv,1705,2026-08-23T15:44:28.815870,INTERMEDIATE_ARTIFACT,Stage intermediate tabular artifact,INTERMEDIATE,HISTORICAL_REPRO,INTERMEDIATE,ARCHIVE,move_to_archive_intermediate
output/stage5_3/STAGE_5_3_NO3_METAL_ASSOCIATION.csv,STAGE_5_3_NO3_METAL_ASSOCIATION.csv,.csv,1016,2026-08-23T15:44:28.695040,INTERMEDIATE_ARTIFACT,Stage intermediate tabular artifact,INTERMEDIATE,HISTORICAL_REPRO,INTERMEDIATE,ARCHIVE,move_to_archive_intermediate
output/stage5_3/STAGE_5_3_METAL_NETWORK_EDGES.csv,STAGE_5_3_METAL_NETWORK_EDGES.csv,.csv,237,2026-08-23T15:44:28.817925,INTERMEDIATE_ARTIFACT,Stage intermediate tabular artifact,INTERMEDIATE,HISTORICAL_REPRO,INTERMEDIATE,ARCHIVE,move_to_archive_intermediate
output/stage5_3/STAGE_5_3_SALINITY_METAL_ASSOCIATION.csv,STAGE_5_3_SALINITY_METAL_ASSOCIATION.csv,.csv,1019,2026-08-23T15:44:28.660042,INTERMEDIATE_ARTIFACT,Stage intermediate tabular artifact,INTERMEDIATE,HISTORICAL_REPRO,INTERMEDIATE,ARCHIVE,move_to_archive_intermediate
output/stage5_3/STAGE_5_3_ML_OBSERVATIONAL_RECONCILIATION.csv,STAGE_5_3_ML_OBSERVATIONAL_RECONCILIATION.csv,.csv,859,2026-08-23T15:44:28.900358,INTERMEDIATE_ARTIFACT,Stage intermediate tabular artifact,INTERMEDIATE,HISTORICAL_REPRO,INTERMEDIATE,ARCHIVE,move_to_archive_intermediate
output/stage5_3/STAGE_5_3_DEPTH_METAL_ASSOCIATION.csv,STAGE_5_3_DEPTH_METAL_ASSOCIATION.csv,.csv,1095,2026-08-23T15:44:28.677039,INTERMEDIATE_ARTIFACT,Stage intermediate tabular artifact,INTERMEDIATE,HISTORICAL_REPRO,INTERMEDIATE,ARCHIVE,move_to_archive_intermediate
output/stage5_3/STAGE_5_3_CBE_CONTAMINATION_CROSSCHECK.csv,STAGE_5_3_CBE_CONTAMINATION_CROSSCHECK.csv,.csv,1923,2026-08-23T15:44:28.892035,INTERMEDIATE_ARTIFACT,Stage intermediate tabular artifact,INTERMEDIATE,HISTORICAL_REPRO,INTERMEDIATE,ARCHIVE,move_to_archive_intermediate
output/stage5_3/STAGE_5_3_ION_EXCHANGE_METAL_ANALYSIS.csv,STAGE_5_3_ION_EXCHANGE_METAL_ANALYSIS.csv,.csv,592,2026-08-23T15:44:28.744039,INTERMEDIATE_ARTIFACT,Stage intermediate tabular artifact,INTERMEDIATE,HISTORICAL_REPRO,INTERMEDIATE,ARCHIVE,move_to_archive_intermediate
output/stage5_3/STAGE_5_3_FACIES_METAL_COMPARISON.csv,STAGE_5_3_FACIES_METAL_COMPARISON.csv,.csv,1673,2026-08-23T15:44:28.634248,INTERMEDIATE_ARTIFACT,Stage intermediate tabular artifact,INTERMEDIATE,HISTORICAL_REPRO,INTERMEDIATE,ARCHIVE,move_to_archive_intermediate
output/stage5_3/STAGE_5_3_NOVELTY_CANDIDATES.csv,STAGE_5_3_NOVELTY_CANDIDATES.csv,.csv,879,2026-08-23T15:44:28.902035,INTERMEDIATE_ARTIFACT,Stage intermediate tabular artifact,INTERMEDIATE,HISTORICAL_REPRO,INTERMEDIATE,ARCHIVE,move_to_archive_intermediate
output/stage5_3/STAGE_5_3_CLUSTER_ANALYSIS.csv,STAGE_5_3_CLUSTER_ANALYSIS.csv,.csv,150,2026-08-23T15:44:28.877036,INTERMEDIATE_ARTIFACT,Stage intermediate tabular artifact,INTERMEDIATE,HISTORICAL_REPRO,INTERMEDIATE,ARCHIVE,move_to_archive_intermediate
output/stage5_3/STAGE_5_3_SAMPLE_CONTAMINATION_PROFILE.csv,STAGE_5_3_SAMPLE_CONTAMINATION_PROFILE.csv,.csv,3817,2026-08-23T15:44:28.884036,INTERMEDIATE_ARTIFACT,Stage intermediate tabular artifact,INTERMEDIATE,HISTORICAL_REPRO,INTERMEDIATE,ARCHIVE,move_to_archive_intermediate
output/stage5_3/STAGE_5_3_QC_LEDGER.csv,STAGE_5_3_QC_LEDGER.csv,.csv,769,2026-08-23T15:44:28.906102,INTERMEDIATE_ARTIFACT,Stage intermediate tabular artifact,INTERMEDIATE,HISTORICAL_REPRO,INTERMEDIATE,ARCHIVE,move_to_archive_intermediate
output/stage5_3/STAGE_5_3_HIGH_CONTAMINATION_AUDIT.csv,STAGE_5_3_HIGH_CONTAMINATION_AUDIT.csv,.csv,790,2026-08-23T15:44:28.886036,INTERMEDIATE_ARTIFACT,Stage intermediate tabular artifact,INTERMEDIATE,HISTORICAL_REPRO,INTERMEDIATE,ARCHIVE,move_to_archive_intermediate
output/stage5_3/STAGE_5_3_METAL_DESCRIPTIVE_PROFILE.csv,STAGE_5_3_METAL_DESCRIPTIVE_PROFILE.csv,.csv,1115,2026-08-23T15:44:28.435047,INTERMEDIATE_ARTIFACT,Stage intermediate tabular artifact,INTERMEDIATE,HISTORICAL_REPRO,INTERMEDIATE,ARCHIVE,move_to_archive_intermediate
output/stage5_3/STAGE_5_3_FACIES_STATISTICAL_TESTS.csv,STAGE_5_3_FACIES_STATISTICAL_TESTS.csv,.csv,1254,2026-08-23T15:44:28.636042,INTERMEDIATE_ARTIFACT,Stage intermediate tabular artifact,INTERMEDIATE,HISTORICAL_REPRO,INTERMEDIATE,ARCHIVE,move_to_archive_intermediate
output/stage5_3/STAGE_5_3_IRRIGATION_QUALITY.csv,STAGE_5_3_IRRIGATION_QUALITY.csv,.csv,829,2026-08-23T15:44:28.894035,INTERMEDIATE_ARTIFACT,Stage intermediate tabular artifact,INTERMEDIATE,HISTORICAL_REPRO,INTERMEDIATE,ARCHIVE,move_to_archive_intermediate
output/stage5_3/STAGE_5_3_PCA_LOADINGS.csv,STAGE_5_3_PCA_LOADINGS.csv,.csv,1303,2026-08-23T15:44:28.865831,INTERMEDIATE_ARTIFACT,Stage intermediate tabular artifact,INTERMEDIATE,HISTORICAL_REPRO,INTERMEDIATE,ARCHIVE,move_to_archive_intermediate
output/stage5_3/STAGE_5_3_DRINKING_WATER_COMPLIANCE.csv,STAGE_5_3_DRINKING_WATER_COMPLIANCE.csv,.csv,568,2026-08-23T15:44:28.898035,INTERMEDIATE_ARTIFACT,Stage intermediate tabular artifact,INTERMEDIATE,HISTORICAL_REPRO,INTERMEDIATE,ARCHIVE,move_to_archive_intermediate
output/stage5_3/figures/fig5_tds_vs_metals_scatter.png,fig5_tds_vs_metals_scatter.png,.png,194517,2026-08-23T15:44:32.093952,UNKNOWN,Uncategorized file,UNKNOWN,UNCHECKED,UNKNOWN,ARCHIVE,move_to_archive_intermediate
output/stage5_3/figures/fig9_sample_contamination_burden.png,fig9_sample_contamination_burden.png,.png,99230,2026-08-23T15:44:33.943903,UNKNOWN,Uncategorized file,UNKNOWN,UNCHECKED,UNKNOWN,ARCHIVE,move_to_archive_intermediate
output/stage5_3/figures/fig1_hydrochemical_facies_distribution.png,fig1_hydrochemical_facies_distribution.png,.png,126616,2026-08-23T15:44:29.225027,UNKNOWN,Uncategorized file,UNKNOWN,UNCHECKED,UNKNOWN,ARCHIVE,move_to_archive_intermediate
output/stage5_3/figures/fig3_heavy_metal_correlation_heatmap.png,fig3_heavy_metal_correlation_heatmap.png,.png,351574,2026-08-23T15:44:31.069978,UNKNOWN,Uncategorized file,UNKNOWN,UNCHECKED,UNKNOWN,ARCHIVE,move_to_archive_intermediate
output/stage5_3/figures/fig2_facies_vs_metal_distributions.png,fig2_facies_vs_metal_distributions.png,.png,330391,2026-08-23T15:44:30.262000,UNKNOWN,Uncategorized file,UNKNOWN,UNCHECKED,UNKNOWN,ARCHIVE,move_to_archive_intermediate
output/stage5_3/figures/fig8_pca_biplot.png,fig8_pca_biplot.png,.png,181246,2026-08-23T15:44:33.690910,UNKNOWN,Uncategorized file,UNKNOWN,UNCHECKED,UNKNOWN,ARCHIVE,move_to_archive_intermediate
output/stage5_3/figures/fig10_hydrochemical_regime_vs_contamination_summary.png,fig10_hydrochemical_regime_vs_contamination_summary.png,.png,220209,2026-08-23T15:44:34.250896,UNKNOWN,Uncategorized file,UNKNOWN,UNCHECKED,UNKNOWN,ARCHIVE,move_to_archive_intermediate
output/stage5_3/figures/fig7_no3_vs_metals_scatter.png,fig7_no3_vs_metals_scatter.png,.png,128542,2026-08-23T15:44:33.261921,UNKNOWN,Uncategorized file,UNKNOWN,UNCHECKED,UNKNOWN,ARCHIVE,move_to_archive_intermediate
output/stage5_3/figures/fig6_depth_vs_metals_scatter.png,fig6_depth_vs_metals_scatter.png,.png,120593,2026-08-23T15:44:32.628938,UNKNOWN,Uncategorized file,UNKNOWN,UNCHECKED,UNKNOWN,ARCHIVE,move_to_archive_intermediate
output/stage5_3/figures/fig4_heavy_metal_association_network.png,fig4_heavy_metal_association_network.png,.png,120820,2026-08-23T15:44:31.503967,UNKNOWN,Uncategorized file,UNKNOWN,UNCHECKED,UNKNOWN,ARCHIVE,move_to_archive_intermediate
output/stage5_4/STAGE_5_4_QC_LEDGER.csv,STAGE_5_4_QC_LEDGER.csv,.csv,620,2026-08-23T15:53:27.186977,INTERMEDIATE_ARTIFACT,Stage intermediate tabular artifact,INTERMEDIATE,HISTORICAL_REPRO,INTERMEDIATE,ARCHIVE,move_to_archive_intermediate
output/stage5_4/STAGE_5_4_STAGE_PROGRESSION_COMPARISON.csv,STAGE_5_4_STAGE_PROGRESSION_COMPARISON.csv,.csv,1156,2026-08-23T15:53:27.182246,INTERMEDIATE_ARTIFACT,Stage intermediate tabular artifact,INTERMEDIATE,HISTORICAL_REPRO,INTERMEDIATE,ARCHIVE,move_to_archive_intermediate
output/stage5_4/STAGE_5_4_NOVELTY_AUDIT.csv,STAGE_5_4_NOVELTY_AUDIT.csv,.csv,728,2026-08-23T15:53:27.185156,INTERMEDIATE_ARTIFACT,Stage intermediate tabular artifact,INTERMEDIATE,HISTORICAL_REPRO,INTERMEDIATE,ARCHIVE,move_to_archive_intermediate
output/stage5_4/STAGE_5_4_TARGET_SCREENING_CLASSIFICATION.csv,STAGE_5_4_TARGET_SCREENING_CLASSIFICATION.csv,.csv,2458,2026-08-23T15:53:27.147978,INTERMEDIATE_ARTIFACT,Stage intermediate tabular artifact,INTERMEDIATE,HISTORICAL_REPRO,INTERMEDIATE,ARCHIVE,move_to_archive_intermediate
output/stage5_4/STAGE_5_4_MODEL_BENCHMARK_FULL.csv,STAGE_5_4_MODEL_BENCHMARK_FULL.csv,.csv,24548,2026-08-23T15:53:27.093979,INTERMEDIATE_ARTIFACT,Stage intermediate tabular artifact,INTERMEDIATE,HISTORICAL_REPRO,INTERMEDIATE,ARCHIVE,move_to_archive_intermediate
output/stage5_4/STAGE_5_4_NONLINEAR_DIAGNOSTICS.csv,STAGE_5_4_NONLINEAR_DIAGNOSTICS.csv,.csv,1602,2026-08-23T15:52:47.461014,INTERMEDIATE_ARTIFACT,Stage intermediate tabular artifact,INTERMEDIATE,HISTORICAL_REPRO,INTERMEDIATE,ARCHIVE,move_to_archive_intermediate
output/stage5_4/STAGE_5_4_CONFORMAL_SCREENING_FEASIBILITY.csv,STAGE_5_4_CONFORMAL_SCREENING_FEASIBILITY.csv,.csv,680,2026-08-23T15:53:27.177977,INTERMEDIATE_ARTIFACT,Stage intermediate tabular artifact,INTERMEDIATE,HISTORICAL_REPRO,INTERMEDIATE,ARCHIVE,move_to_archive_intermediate
output/stage5_4/STAGE_5_4_BEST_EASY_INPUT_MODEL_PER_TARGET.csv,STAGE_5_4_BEST_EASY_INPUT_MODEL_PER_TARGET.csv,.csv,1364,2026-08-23T15:53:27.154978,INTERMEDIATE_ARTIFACT,Stage intermediate tabular artifact,INTERMEDIATE,HISTORICAL_REPRO,INTERMEDIATE,ARCHIVE,move_to_archive_intermediate
output/stage5_4/STAGE_5_4_RELATIONSHIP_VS_PREDICTION_COMPARISON.csv,STAGE_5_4_RELATIONSHIP_VS_PREDICTION_COMPARISON.csv,.csv,645,2026-08-23T15:53:27.161978,INTERMEDIATE_ARTIFACT,Stage intermediate tabular artifact,INTERMEDIATE,HISTORICAL_REPRO,INTERMEDIATE,ARCHIVE,move_to_archive_intermediate
output/stage5_4/STAGE_5_4_VARIABLE_AUDIT.csv,STAGE_5_4_VARIABLE_AUDIT.csv,.csv,4968,2026-08-23T15:52:47.455014,INTERMEDIATE_ARTIFACT,Stage intermediate tabular artifact,INTERMEDIATE,HISTORICAL_REPRO,INTERMEDIATE,ARCHIVE,move_to_archive_intermediate
output/stage5_4/figures/fig4_observed_vs_oof_predictions.png,fig4_observed_vs_oof_predictions.png,.png,241111,2026-08-23T15:53:31.514864,UNKNOWN,Uncategorized file,UNKNOWN,UNCHECKED,UNKNOWN,ARCHIVE,move_to_archive_intermediate
output/stage5_4/figures/fig5_conformal_prediction_intervals.png,fig5_conformal_prediction_intervals.png,.png,176507,2026-08-23T15:53:32.494838,UNKNOWN,Uncategorized file,UNKNOWN,UNCHECKED,UNKNOWN,ARCHIVE,move_to_archive_intermediate
output/stage5_4/figures/fig1_bivariate_relationship_heatmap.png,fig1_bivariate_relationship_heatmap.png,.png,216021,2026-08-23T15:53:28.456944,UNKNOWN,Uncategorized file,UNKNOWN,UNCHECKED,UNKNOWN,ARCHIVE,move_to_archive_intermediate
output/stage5_4/figures/fig6_proposed_screening_architecture_schematic.png,fig6_proposed_screening_architecture_schematic.png,.png,158431,2026-08-23T15:53:33.396815,UNKNOWN,Uncategorized file,UNKNOWN,UNCHECKED,UNKNOWN,ARCHIVE,move_to_archive_intermediate
output/stage5_4/figures/fig2_relationship_vs_prediction_scatter.png,fig2_relationship_vs_prediction_scatter.png,.png,137510,2026-08-23T15:53:29.517916,UNKNOWN,Uncategorized file,UNKNOWN,UNCHECKED,UNKNOWN,ARCHIVE,move_to_archive_intermediate
output/stage5_4/figures/fig3_target_screening_feasibility_matrix.png,fig3_target_screening_feasibility_matrix.png,.png,271591,2026-08-23T15:53:30.354894,UNKNOWN,Uncategorized file,UNKNOWN,UNCHECKED,UNKNOWN,ARCHIVE,move_to_archive_intermediate
output/stage5_1/STAGE_5_1_FOLD_RESULTS.csv,STAGE_5_1_FOLD_RESULTS.csv,.csv,947772,2026-08-23T15:22:03.526647,INTERMEDIATE_ARTIFACT,Stage intermediate tabular artifact,INTERMEDIATE,HISTORICAL_REPRO,INTERMEDIATE,ARCHIVE,move_to_archive_intermediate
output/stage5_1/STAGE_5_1_MINIMUM_INPUT_ANALYSIS.csv,STAGE_5_1_MINIMUM_INPUT_ANALYSIS.csv,.csv,1916,2026-08-23T15:22:03.581353,INTERMEDIATE_ARTIFACT,Stage intermediate tabular artifact,INTERMEDIATE,HISTORICAL_REPRO,INTERMEDIATE,ARCHIVE,move_to_archive_intermediate
output/stage5_1/STAGE_5_1_INPUT_SET_DEFINITIONS.csv,STAGE_5_1_INPUT_SET_DEFINITIONS.csv,.csv,1346,2026-08-23T15:20:59.297031,INTERMEDIATE_ARTIFACT,Stage intermediate tabular artifact,INTERMEDIATE,HISTORICAL_REPRO,INTERMEDIATE,ARCHIVE,move_to_archive_intermediate
output/stage5_1/STAGE_5_1_EASY_INPUT_CLASSIFICATION.csv,STAGE_5_1_EASY_INPUT_CLASSIFICATION.csv,.csv,9103,2026-08-23T15:20:59.294269,INTERMEDIATE_ARTIFACT,Stage intermediate tabular artifact,INTERMEDIATE,HISTORICAL_REPRO,INTERMEDIATE,ARCHIVE,move_to_archive_intermediate
output/stage5_1/STAGE_5_1_DATA_INVENTORY.csv,STAGE_5_1_DATA_INVENTORY.csv,.csv,17848,2026-08-23T15:20:59.293086,INTERMEDIATE_ARTIFACT,Stage intermediate tabular artifact,INTERMEDIATE,HISTORICAL_REPRO,INTERMEDIATE,ARCHIVE,move_to_archive_intermediate
output/stage5_1/STAGE_5_1_STAGE3_3_COMPARISON.csv,STAGE_5_1_STAGE3_3_COMPARISON.csv,.csv,2682,2026-08-23T15:22:03.598353,INTERMEDIATE_ARTIFACT,Stage intermediate tabular artifact,INTERMEDIATE,HISTORICAL_REPRO,INTERMEDIATE,ARCHIVE,move_to_archive_intermediate
output/stage5_1/STAGE_5_1_QC_LEDGER.csv,STAGE_5_1_QC_LEDGER.csv,.csv,1053,2026-08-23T15:22:03.602238,INTERMEDIATE_ARTIFACT,Stage intermediate tabular artifact,INTERMEDIATE,HISTORICAL_REPRO,INTERMEDIATE,ARCHIVE,move_to_archive_intermediate
output/stage5_1/STAGE_5_1_TARGET_CLASSIFICATION.csv,STAGE_5_1_TARGET_CLASSIFICATION.csv,.csv,1694,2026-08-23T15:20:59.295628,INTERMEDIATE_ARTIFACT,Stage intermediate tabular artifact,INTERMEDIATE,HISTORICAL_REPRO,INTERMEDIATE,ARCHIVE,move_to_archive_intermediate
output/stage5_1/STAGE_5_1_MODEL_RESULTS.csv,STAGE_5_1_MODEL_RESULTS.csv,.csv,50145,2026-08-23T15:22:03.535805,INTERMEDIATE_ARTIFACT,Stage intermediate tabular artifact,INTERMEDIATE,HISTORICAL_REPRO,INTERMEDIATE,ARCHIVE,move_to_archive_intermediate
output/stage3_3/stage3_3_fold_results.csv,stage3_3_fold_results.csv,.csv,1733858,2026-08-23T03:52:14.801255,INTERMEDIATE_ARTIFACT,Stage intermediate tabular artifact,INTERMEDIATE,HISTORICAL_REPRO,INTERMEDIATE,ARCHIVE,move_to_archive_intermediate
output/stage3_3/stage3_3_feature_redundancy.csv,stage3_3_feature_redundancy.csv,.csv,1932,2026-08-23T03:49:38.524346,INTERMEDIATE_ARTIFACT,Stage intermediate tabular artifact,INTERMEDIATE,HISTORICAL_REPRO,INTERMEDIATE,ARCHIVE,move_to_archive_intermediate
output/stage3_3/stage3_3_final_candidates.csv,stage3_3_final_candidates.csv,.csv,1146,2026-08-23T03:52:14.870252,INTERMEDIATE_ARTIFACT,Stage intermediate tabular artifact,INTERMEDIATE,HISTORICAL_REPRO,INTERMEDIATE,ARCHIVE,move_to_archive_intermediate
output/stage3_3/stage3_3_QC_ledger.csv,stage3_3_QC_ledger.csv,.csv,764,2026-08-23T03:52:14.872034,INTERMEDIATE_ARTIFACT,Stage intermediate tabular artifact,INTERMEDIATE,HISTORICAL_REPRO,INTERMEDIATE,ARCHIVE,move_to_archive_intermediate
output/stage3_3/stage3_3_ablation_results.csv,stage3_3_ablation_results.csv,.csv,97506,2026-08-23T03:52:14.808254,INTERMEDIATE_ARTIFACT,Stage intermediate tabular artifact,INTERMEDIATE,HISTORICAL_REPRO,INTERMEDIATE,ARCHIVE,move_to_archive_intermediate
output/stage3_3/stage3_3_feature_selection_frequency.csv,stage3_3_feature_selection_frequency.csv,.csv,5160,2026-08-23T03:52:14.870151,INTERMEDIATE_ARTIFACT,Stage intermediate tabular artifact,INTERMEDIATE,HISTORICAL_REPRO,INTERMEDIATE,ARCHIVE,move_to_archive_intermediate
output/stage3_3/stage3_3_targetwise_results.csv,stage3_3_targetwise_results.csv,.csv,1146,2026-08-23T03:52:14.810254,INTERMEDIATE_ARTIFACT,Stage intermediate tabular artifact,INTERMEDIATE,HISTORICAL_REPRO,INTERMEDIATE,ARCHIVE,move_to_archive_intermediate
output/stage3_3/stage3_full_progression_comparison.csv,stage3_full_progression_comparison.csv,.csv,1556,2026-08-23T03:52:14.873274,INTERMEDIATE_ARTIFACT,Stage intermediate tabular artifact,INTERMEDIATE,HISTORICAL_REPRO,INTERMEDIATE,ARCHIVE,move_to_archive_intermediate
output/stage3_3/stage3_3_residual_diagnostics.csv,stage3_3_residual_diagnostics.csv,.csv,764778,2026-08-23T03:52:14.868252,INTERMEDIATE_ARTIFACT,Stage intermediate tabular artifact,INTERMEDIATE,HISTORICAL_REPRO,INTERMEDIATE,ARCHIVE,move_to_archive_intermediate
output/stage3_3/stage3_3_unit_audit.csv,stage3_3_unit_audit.csv,.csv,858,2026-08-23T03:49:38.500103,INTERMEDIATE_ARTIFACT,Stage intermediate tabular artifact,INTERMEDIATE,HISTORICAL_REPRO,INTERMEDIATE,ARCHIVE,move_to_archive_intermediate
output/stage3_3/stage3_3_engineered_features.csv,stage3_3_engineered_features.csv,.csv,1381,2026-08-23T03:49:38.511813,INTERMEDIATE_ARTIFACT,Stage intermediate tabular artifact,INTERMEDIATE,HISTORICAL_REPRO,INTERMEDIATE,ARCHIVE,move_to_archive_intermediate
output/stage3_3/stage3_3_feature_inventory.csv,stage3_3_feature_inventory.csv,.csv,4700,2026-08-23T03:49:38.497813,INTERMEDIATE_ARTIFACT,Stage intermediate tabular artifact,INTERMEDIATE,HISTORICAL_REPRO,INTERMEDIATE,ARCHIVE,move_to_archive_intermediate
output/stage4/stage4_model_reconstruction_audit.csv,stage4_model_reconstruction_audit.csv,.csv,795,2026-08-23T04:17:41.586272,INTERMEDIATE_ARTIFACT,Stage intermediate tabular artifact,INTERMEDIATE,HISTORICAL_REPRO,INTERMEDIATE,ARCHIVE,move_to_archive_intermediate
output/stage4/stage4_SHAP_QC_ledger.csv,stage4_SHAP_QC_ledger.csv,.csv,1923,2026-08-23T04:18:01.180500,INTERMEDIATE_ARTIFACT,Stage intermediate tabular artifact,INTERMEDIATE,HISTORICAL_REPRO,INTERMEDIATE,ARCHIVE,move_to_archive_intermediate
output/stage4/stage4_hydrochemical_interpretation.csv,stage4_hydrochemical_interpretation.csv,.csv,2025,2026-08-23T04:18:01.179241,INTERMEDIATE_ARTIFACT,Stage intermediate tabular artifact,INTERMEDIATE,HISTORICAL_REPRO,INTERMEDIATE,ARCHIVE,move_to_archive_intermediate
output/stage4/stage4_SHAP_summary.csv,stage4_SHAP_summary.csv,.csv,1126,2026-08-23T04:18:01.371498,INTERMEDIATE_ARTIFACT,Stage intermediate tabular artifact,INTERMEDIATE,HISTORICAL_REPRO,INTERMEDIATE,ARCHIVE,move_to_archive_intermediate
output/stage4/stage4_global_shap.csv,stage4_global_shap.csv,.csv,3790,2026-08-23T04:17:43.611720,INTERMEDIATE_ARTIFACT,Stage intermediate tabular artifact,INTERMEDIATE,HISTORICAL_REPRO,INTERMEDIATE,ARCHIVE,move_to_archive_intermediate
output/stage4/stage4_shap_stability.csv,stage4_shap_stability.csv,.csv,2526,2026-08-23T04:18:01.173500,INTERMEDIATE_ARTIFACT,Stage intermediate tabular artifact,INTERMEDIATE,HISTORICAL_REPRO,INTERMEDIATE,ARCHIVE,move_to_archive_intermediate
output/stage5/stage5_spatial_residual_audit.csv,stage5_spatial_residual_audit.csv,.csv,541,2026-08-23T04:45:12.013855,INTERMEDIATE_ARTIFACT,Stage intermediate tabular artifact,INTERMEDIATE,HISTORICAL_REPRO,INTERMEDIATE,ARCHIVE,move_to_archive_intermediate
output/stage5/stage5_feature_registry.csv,stage5_feature_registry.csv,.csv,1495,2026-08-23T04:28:16.987235,INTERMEDIATE_ARTIFACT,Stage intermediate tabular artifact,INTERMEDIATE,HISTORICAL_REPRO,INTERMEDIATE,ARCHIVE,move_to_archive_intermediate
output/stage5/stage5_performance_comparison.csv,stage5_performance_comparison.csv,.csv,2672,2026-08-23T04:47:13.618964,INTERMEDIATE_ARTIFACT,Stage intermediate tabular artifact,INTERMEDIATE,HISTORICAL_REPRO,INTERMEDIATE,ARCHIVE,move_to_archive_intermediate
output/stage5/stage5_uncertainty_results.csv,stage5_uncertainty_results.csv,.csv,2208,2026-08-23T04:47:13.884151,INTERMEDIATE_ARTIFACT,Stage intermediate tabular artifact,INTERMEDIATE,HISTORICAL_REPRO,INTERMEDIATE,ARCHIVE,move_to_archive_intermediate
output/stage5/stage5_information_inventory.csv,stage5_information_inventory.csv,.csv,13750,2026-08-23T04:45:11.988694,INTERMEDIATE_ARTIFACT,Stage intermediate tabular artifact,INTERMEDIATE,HISTORICAL_REPRO,INTERMEDIATE,ARCHIVE,move_to_archive_intermediate
output/stage5/stage5_outlier_audit.csv,stage5_outlier_audit.csv,.csv,5826,2026-08-23T04:45:12.012075,INTERMEDIATE_ARTIFACT,Stage intermediate tabular artifact,INTERMEDIATE,HISTORICAL_REPRO,INTERMEDIATE,ARCHIVE,move_to_archive_intermediate
output/stage5/stage5_fold_results.csv,stage5_fold_results.csv,.csv,949742,2026-08-23T04:47:13.617085,INTERMEDIATE_ARTIFACT,Stage intermediate tabular artifact,INTERMEDIATE,HISTORICAL_REPRO,INTERMEDIATE,ARCHIVE,move_to_archive_intermediate
output/stage5/stage5_final_candidates.csv,stage5_final_candidates.csv,.csv,2691,2026-08-23T04:47:13.886412,INTERMEDIATE_ARTIFACT,Stage intermediate tabular artifact,INTERMEDIATE,HISTORICAL_REPRO,INTERMEDIATE,ARCHIVE,move_to_archive_intermediate
water_final_results/MASTER_RESULTS_SUMMARY.csv,MASTER_RESULTS_SUMMARY.csv,.csv,871,2026-08-23T17:07:37.883308,UNKNOWN,Uncategorized file,UNKNOWN,UNCHECKED,UNKNOWN,ARCHIVE,move_to_archive_intermediate
water_final_results/reports/INTERNAL_CONSISTENCY_AUDIT.csv,INTERNAL_CONSISTENCY_AUDIT.csv,.csv,592,2026-08-23T17:07:33.850659,FINAL_REPORT,Research summary report,DOCUMENTATION,RESEARCH_RESULT,UNIQUE,KEEP_ACTIVE,preserve
water_final_results/reports/DATA_AUDIT_REPORT.txt,DATA_AUDIT_REPORT.txt,.txt,717,2026-08-23T17:02:28.849942,FINAL_REPORT,Research summary report,DOCUMENTATION,RESEARCH_RESULT,UNIQUE,KEEP_ACTIVE,preserve
water_final_results/reports/FAILED_TARGET_ANALYSIS.csv,FAILED_TARGET_ANALYSIS.csv,.csv,1135,2026-08-23T17:07:37.879308,FINAL_REPORT,Research summary report,DOCUMENTATION,RESEARCH_RESULT,UNIQUE,KEEP_ACTIVE,preserve
water_final_results/reports/REGULATORY_THRESHOLD_AUDIT.csv,REGULATORY_THRESHOLD_AUDIT.csv,.csv,676,2026-08-23T17:02:28.851555,FINAL_REPORT,Research summary report,DOCUMENTATION,RESEARCH_RESULT,UNIQUE,KEEP_ACTIVE,preserve
water_final_results/reports/FINAL_RESEARCH_DECISION.txt,FINAL_RESEARCH_DECISION.txt,.txt,2260,2026-08-23T17:07:37.882093,FINAL_REPORT,Research summary report,DOCUMENTATION,RESEARCH_RESULT,UNIQUE,KEEP_ACTIVE,preserve
water_final_results/interpretability/SHAP_NI.csv,SHAP_NI.csv,.csv,3748,2026-08-23T17:07:32.263610,SHAP_ARTIFACT,SHAP interpretability output,INTERPRETATION,RESEARCH_RESULT,UNIQUE,KEEP_ACTIVE,preserve
water_final_results/interpretability/FEATURE_IMPORTANCE_NI.csv,FEATURE_IMPORTANCE_NI.csv,.csv,136,2026-08-23T17:07:32.259610,UNKNOWN,Uncategorized file,UNKNOWN,UNCHECKED,UNKNOWN,ARCHIVE,move_to_archive_intermediate
water_final_results/interpretability/FEATURE_IMPORTANCE_CD.csv,FEATURE_IMPORTANCE_CD.csv,.csv,133,2026-08-23T17:07:32.694587,UNKNOWN,Uncategorized file,UNKNOWN,UNCHECKED,UNKNOWN,ARCHIVE,move_to_archive_intermediate
water_final_results/interpretability/SHAP_CD.csv,SHAP_CD.csv,.csv,3892,2026-08-23T17:07:32.698215,SHAP_ARTIFACT,SHAP interpretability output,INTERPRETATION,RESEARCH_RESULT,UNIQUE,KEEP_ACTIVE,preserve
water_final_results/reproducibility/REPRODUCIBILITY_REPORT.txt,REPRODUCIBILITY_REPORT.txt,.txt,513,2026-08-23T17:07:33.849580,UNKNOWN,Uncategorized file,UNKNOWN,UNCHECKED,UNKNOWN,ARCHIVE,move_to_archive_intermediate
water_final_results/tables/TABLE_3_MODEL_COMPARISON.csv,TABLE_3_MODEL_COMPARISON.csv,.csv,10628,2026-08-23T17:07:37.865309,FINAL_TABLE,Publication-ready research table,PUBLICATION,RESEARCH_RESULT,UNIQUE,KEEP_ACTIVE,preserve
water_final_results/tables/TABLE_11_FINAL_MODEL_CONFIGURATION.csv,TABLE_11_FINAL_MODEL_CONFIGURATION.csv,.csv,124,2026-08-23T17:07:37.874965,FINAL_TABLE,Publication-ready research table,PUBLICATION,RESEARCH_RESULT,UNIQUE,KEEP_ACTIVE,preserve
water_final_results/tables/TABLE_4_REPEATED_OOF_PERFORMANCE.csv,TABLE_4_REPEATED_OOF_PERFORMANCE.csv,.csv,6984,2026-08-23T17:07:37.866309,FINAL_TABLE,Publication-ready research table,PUBLICATION,RESEARCH_RESULT,UNIQUE,KEEP_ACTIVE,preserve
water_final_results/tables/TABLE_10_COMPUTATIONAL_COST.csv,TABLE_10_COMPUTATIONAL_COST.csv,.csv,246,2026-08-23T17:07:37.874308,FINAL_TABLE,Publication-ready research table,PUBLICATION,RESEARCH_RESULT,UNIQUE,KEEP_ACTIVE,preserve
water_final_results/tables/TABLE_6_FEATURE_IMPORTANCE.csv,TABLE_6_FEATURE_IMPORTANCE.csv,.csv,136,2026-08-23T17:07:37.869308,FINAL_TABLE,Publication-ready research table,PUBLICATION,RESEARCH_RESULT,UNIQUE,KEEP_ACTIVE,preserve
water_final_results/tables/TABLE_5_FINAL_MODEL_SELECTION.csv,TABLE_5_FINAL_MODEL_SELECTION.csv,.csv,3153,2026-08-23T17:07:37.867309,FINAL_TABLE,Publication-ready research table,PUBLICATION,RESEARCH_RESULT,UNIQUE,KEEP_ACTIVE,preserve
water_final_results/tables/TABLE_7_FEATURE_ABLATION.csv,TABLE_7_FEATURE_ABLATION.csv,.csv,615,2026-08-23T17:07:37.870308,FINAL_TABLE,Publication-ready research table,PUBLICATION,RESEARCH_RESULT,UNIQUE,KEEP_ACTIVE,preserve
water_final_results/tables/TABLE_1_DATASET_CHARACTERISTICS.csv,TABLE_1_DATASET_CHARACTERISTICS.csv,.csv,5241,2026-08-23T17:07:37.864309,FINAL_TABLE,Publication-ready research table,PUBLICATION,RESEARCH_RESULT,UNIQUE,KEEP_ACTIVE,preserve
water_final_results/tables/TABLE_8_UNCERTAINTY.csv,TABLE_8_UNCERTAINTY.csv,.csv,145,2026-08-23T17:07:37.872308,FINAL_TABLE,Publication-ready research table,PUBLICATION,RESEARCH_RESULT,UNIQUE,KEEP_ACTIVE,preserve
water_final_results/tables/TABLE_12_FAILED_TARGET_ANALYSIS.csv,TABLE_12_FAILED_TARGET_ANALYSIS.csv,.csv,1029,2026-08-23T17:07:37.875308,FINAL_TABLE,Publication-ready research table,PUBLICATION,RESEARCH_RESULT,UNIQUE,KEEP_ACTIVE,preserve
water_final_results/tables/TABLE_9_SCREENING_PERFORMANCE.csv,TABLE_9_SCREENING_PERFORMANCE.csv,.csv,234,2026-08-23T17:07:37.873308,FINAL_TABLE,Publication-ready research table,PUBLICATION,RESEARCH_RESULT,UNIQUE,KEEP_ACTIVE,preserve
water_final_results/tables/TABLE_2_INPUT_VARIABLES.csv,TABLE_2_INPUT_VARIABLES.csv,.csv,8427,2026-08-23T17:07:37.865062,FINAL_TABLE,Publication-ready research table,PUBLICATION,RESEARCH_RESULT,UNIQUE,KEEP_ACTIVE,preserve
water_final_results/figures/FIGURE_4_CD_OBSERVED_VS_PREDICTED.png,FIGURE_4_CD_OBSERVED_VS_PREDICTED.png,.png,152809,2026-08-23T17:07:35.760422,FINAL_FIGURE,Publication research figure,PUBLICATION,RESEARCH_RESULT,UNIQUE,KEEP_ACTIVE,preserve
water_final_results/figures/FIGURE_10_CONFORMAL_INTERVALS_NI.png,FIGURE_10_CONFORMAL_INTERVALS_NI.png,.png,155444,2026-08-23T17:07:37.184345,FINAL_FIGURE,Publication research figure,PUBLICATION,RESEARCH_RESULT,UNIQUE,KEEP_ACTIVE,preserve
water_final_results/figures/FIGURE_3_NI_OBSERVED_VS_PREDICTED.png,FIGURE_3_NI_OBSERVED_VS_PREDICTED.png,.png,143800,2026-08-23T17:07:35.517435,FINAL_FIGURE,Publication research figure,PUBLICATION,RESEARCH_RESULT,UNIQUE,KEEP_ACTIVE,preserve
water_final_results/figures/FIGURE_9_FEATURE_ABLATION.png,FIGURE_9_FEATURE_ABLATION.png,.png,188170,2026-08-23T17:07:36.902360,FINAL_FIGURE,Publication research figure,PUBLICATION,RESEARCH_RESULT,UNIQUE,KEEP_ACTIVE,preserve
water_final_results/figures/FIGURE_8_SHAP_CD.png,FIGURE_8_SHAP_CD.png,.png,101838,2026-08-23T17:07:32.955572,FINAL_FIGURE,Publication research figure,PUBLICATION,RESEARCH_RESULT,UNIQUE,KEEP_ACTIVE,preserve
water_final_results/figures/FIGURE_6_CD_RESIDUALS.png,FIGURE_6_CD_RESIDUALS.png,.png,194160,2026-08-23T17:07:36.446385,FINAL_FIGURE,Publication research figure,PUBLICATION,RESEARCH_RESULT,UNIQUE,KEEP_ACTIVE,preserve
water_final_results/figures/FIGURE_11_CONFORMAL_INTERVALS_CD.png,FIGURE_11_CONFORMAL_INTERVALS_CD.png,.png,153031,2026-08-23T17:07:37.496329,FINAL_FIGURE,Publication research figure,PUBLICATION,RESEARCH_RESULT,UNIQUE,KEEP_ACTIVE,preserve
water_final_results/figures/FIGURE_1_DATA_DISTRIBUTION.png,FIGURE_1_DATA_DISTRIBUTION.png,.png,279069,2026-08-23T17:07:34.904468,FINAL_FIGURE,Publication research figure,PUBLICATION,RESEARCH_RESULT,UNIQUE,KEEP_ACTIVE,preserve
water_final_results/figures/FIGURE_2_CORRELATION_MATRIX.png,FIGURE_2_CORRELATION_MATRIX.png,.png,175874,2026-08-23T17:07:35.273448,FINAL_FIGURE,Publication research figure,PUBLICATION,RESEARCH_RESULT,UNIQUE,KEEP_ACTIVE,preserve
water_final_results/figures/FIGURE_7_SHAP_NI.png,FIGURE_7_SHAP_NI.png,.png,115833,2026-08-23T17:07:32.592592,FINAL_FIGURE,Publication research figure,PUBLICATION,RESEARCH_RESULT,UNIQUE,KEEP_ACTIVE,preserve
water_final_results/figures/FIGURE_5_NI_RESIDUALS.png,FIGURE_5_NI_RESIDUALS.png,.png,171115,2026-08-23T17:07:36.091404,FINAL_FIGURE,Publication research figure,PUBLICATION,RESEARCH_RESULT,UNIQUE,KEEP_ACTIVE,preserve
water_final_results/figures/FIGURE_12_MODEL_COMPARISON.png,FIGURE_12_MODEL_COMPARISON.png,.png,183649,2026-08-23T17:07:37.847310,FINAL_FIGURE,Publication research figure,PUBLICATION,RESEARCH_RESULT,UNIQUE,KEEP_ACTIVE,preserve
water_final_results/metrics/COMPUTATIONAL_COST.csv,COMPUTATIONAL_COST.csv,.csv,246,2026-08-23T17:07:33.842525,VALIDATION_ARTIFACT,Model performance summary metrics,VALIDATION,RESEARCH_RESULT,UNIQUE,KEEP_ACTIVE,preserve
water_final_results/metrics/OVERFITTING_AUDIT.csv,OVERFITTING_AUDIT.csv,.csv,6195,2026-08-23T17:07:22.731232,VALIDATION_ARTIFACT,Model performance summary metrics,VALIDATION,RESEARCH_RESULT,UNIQUE,KEEP_ACTIVE,preserve
water_final_results/metrics/FEATURE_ABLATION_NI.csv,FEATURE_ABLATION_NI.csv,.csv,615,2026-08-23T17:07:31.396657,VALIDATION_ARTIFACT,Model performance summary metrics,VALIDATION,RESEARCH_RESULT,UNIQUE,KEEP_ACTIVE,preserve
water_final_results/metrics/MODEL_PERFORMANCE_SUMMARY.csv,MODEL_PERFORMANCE_SUMMARY.csv,.csv,1614,2026-08-23T16:30:04.272453,VALIDATION_ARTIFACT,Model performance summary metrics,VALIDATION,RESEARCH_RESULT,UNIQUE,KEEP_ACTIVE,preserve
water_final_results/metrics/SCREENING_CLASSIFICATION_NI.csv,SCREENING_CLASSIFICATION_NI.csv,.csv,234,2026-08-23T17:07:31.989625,VALIDATION_ARTIFACT,Model performance summary metrics,VALIDATION,RESEARCH_RESULT,UNIQUE,KEEP_ACTIVE,preserve
water_final_results/metrics/FEATURE_ABLATION_CD.csv,FEATURE_ABLATION_CD.csv,.csv,621,2026-08-23T17:07:31.768290,VALIDATION_ARTIFACT,Model performance summary metrics,VALIDATION,RESEARCH_RESULT,UNIQUE,KEEP_ACTIVE,preserve
water_final_results/metrics/SCREENING_CLASSIFICATION_CD.csv,SCREENING_CLASSIFICATION_CD.csv,.csv,233,2026-08-23T17:07:31.996954,VALIDATION_ARTIFACT,Model performance summary metrics,VALIDATION,RESEARCH_RESULT,UNIQUE,KEEP_ACTIVE,preserve
water_final_results/metrics/OOF_MODEL_COMPARISON.csv,OOF_MODEL_COMPARISON.csv,.csv,1011,2026-08-23T16:30:04.274453,VALIDATION_ARTIFACT,Out-of-fold predictions matrix,VALIDATION,RESEARCH_RESULT,UNIQUE,KEEP_ACTIVE,preserve
water_final_results/data_audit/DATA_AUDIT.csv,DATA_AUDIT.csv,.csv,5241,2026-08-23T17:02:28.849123,UNKNOWN,Uncategorized file,UNKNOWN,UNCHECKED,UNKNOWN,ARCHIVE,move_to_archive_intermediate
water_final_results/data_audit/FEATURE_LEAKAGE_AUDIT.csv,FEATURE_LEAKAGE_AUDIT.csv,.csv,8427,2026-08-23T17:02:28.850769,UNKNOWN,Uncategorized file,UNKNOWN,UNCHECKED,UNKNOWN,ARCHIVE,move_to_archive_intermediate
water_final_results/uncertainty/RESIDUAL_NI.csv,RESIDUAL_NI.csv,.csv,3747,2026-08-23T17:07:31.882630,UNCERTAINTY_ARTIFACT,Conformal uncertainty evaluation artifact,UNCERTAINTY,RESEARCH_RESULT,UNIQUE,KEEP_ACTIVE,preserve
water_final_results/uncertainty/RESIDUAL_CD.csv,RESIDUAL_CD.csv,.csv,3947,2026-08-23T17:07:31.904629,UNCERTAINTY_ARTIFACT,Conformal uncertainty evaluation artifact,UNCERTAINTY,RESEARCH_RESULT,UNIQUE,KEEP_ACTIVE,preserve
water_final_results/uncertainty/CONFORMAL_CD.csv,CONFORMAL_CD.csv,.csv,1926,2026-08-23T17:07:31.902629,UNCERTAINTY_ARTIFACT,Conformal uncertainty evaluation artifact,UNCERTAINTY,RESEARCH_RESULT,UNIQUE,KEEP_ACTIVE,preserve
water_final_results/uncertainty/CONFORMAL_NI.csv,CONFORMAL_NI.csv,.csv,1908,2026-08-23T17:07:31.880630,UNCERTAINTY_ARTIFACT,Conformal uncertainty evaluation artifact,UNCERTAINTY,RESEARCH_RESULT,UNIQUE,KEEP_ACTIVE,preserve
water_final_results/models/MODEL_COMPLEXITY.csv,MODEL_COMPLEXITY.csv,.csv,148,2026-08-23T17:07:33.845120,UNKNOWN,Uncategorized file,UNKNOWN,UNCHECKED,UNKNOWN,ARCHIVE,move_to_archive_intermediate
water_final_results/models/FINAL_MODEL_CD.joblib,FINAL_MODEL_CD.joblib,.joblib,1537,2026-08-23T17:10:42.008100,UNKNOWN,Uncategorized file,UNKNOWN,UNCHECKED,UNKNOWN,ARCHIVE,move_to_archive_intermediate
water_final_results/models/FINAL_MODEL_CD.pkl,FINAL_MODEL_CD.pkl,.pkl,1293,2026-08-23T17:10:42.007700,UNKNOWN,Uncategorized file,UNKNOWN,UNCHECKED,UNKNOWN,ARCHIVE,move_to_archive_intermediate
water_final_results/models/MODEL_TUNING_RESULTS.csv,MODEL_TUNING_RESULTS.csv,.csv,1510,2026-08-23T16:30:04.250454,UNKNOWN,Uncategorized file,UNKNOWN,UNCHECKED,UNKNOWN,ARCHIVE,move_to_archive_intermediate
water_final_results/models/FINAL_MODEL_SELECTION.csv,FINAL_MODEL_SELECTION.csv,.csv,3153,2026-08-23T17:07:22.725908,UNKNOWN,Uncategorized file,UNKNOWN,UNCHECKED,UNKNOWN,ARCHIVE,move_to_archive_intermediate
water_final_results/models/FINAL_MODEL_NI.pkl,FINAL_MODEL_NI.pkl,.pkl,1336,2026-08-23T17:10:42.002364,UNKNOWN,Uncategorized file,UNKNOWN,UNCHECKED,UNKNOWN,ARCHIVE,move_to_archive_intermediate
water_final_results/models/FINAL_MODEL_NI.joblib,FINAL_MODEL_NI.joblib,.joblib,1577,2026-08-23T17:10:42.003100,UNKNOWN,Uncategorized file,UNKNOWN,UNCHECKED,UNKNOWN,ARCHIVE,move_to_archive_intermediate
water_final_results/predictions/OOF_PREDICTIONS_CD_DETAILED.csv,OOF_PREDICTIONS_CD_DETAILED.csv,.csv,235244,2026-08-23T17:07:22.716126,VALIDATION_ARTIFACT,Out-of-fold predictions matrix,VALIDATION,RESEARCH_RESULT,UNIQUE,KEEP_ACTIVE,preserve
water_final_results/predictions/OOF_PREDICTIONS_CD.csv,OOF_PREDICTIONS_CD.csv,.csv,46020,2026-08-23T16:30:04.267453,VALIDATION_ARTIFACT,Out-of-fold predictions matrix,VALIDATION,RESEARCH_RESULT,UNIQUE,KEEP_ACTIVE,preserve
water_final_results/predictions/OOF_PREDICTIONS_NI.csv,OOF_PREDICTIONS_NI.csv,.csv,42815,2026-08-23T16:30:04.260453,VALIDATION_ARTIFACT,Out-of-fold predictions matrix,VALIDATION,RESEARCH_RESULT,UNIQUE,KEEP_ACTIVE,preserve
water_final_results/predictions/OOF_PREDICTIONS_NI_DETAILED.csv,OOF_PREDICTIONS_NI_DETAILED.csv,.csv,219101,2026-08-23T17:07:22.696127,VALIDATION_ARTIFACT,Out-of-fold predictions matrix,VALIDATION,RESEARCH_RESULT,UNIQUE,KEEP_ACTIVE,preserve
water_final_results/predictions/FINAL_SCREENING_DECISIONS.csv,FINAL_SCREENING_DECISIONS.csv,.csv,5623,2026-08-23T17:07:31.986625,VALIDATION_ARTIFACT,Out-of-fold predictions matrix,VALIDATION,RESEARCH_RESULT,UNIQUE,KEEP_ACTIVE,preserve
app/test_app_suite.py,test_app_suite.py,.py,7107,2026-08-23T17:54:26.453613,APPLICATION_SOURCE,Streamlit UI/Service Source Code,DEPLOYMENT,CRITICAL_APP_DEP,UNIQUE,KEEP_ACTIVE,preserve
app/app.py,app.py,.py,11000,2026-08-23T17:50:38.184280,APPLICATION_SOURCE,Streamlit UI/Service Source Code,DEPLOYMENT,CRITICAL_APP_DEP,UNIQUE,KEEP_ACTIVE,preserve
app/README.md,README.md,.md,4742,2026-08-23T17:51:01.084993,APPLICATION_SOURCE,Streamlit UI/Service Source Code,DEPLOYMENT,CRITICAL_APP_DEP,UNIQUE,KEEP_ACTIVE,preserve
app/requirements.txt,requirements.txt,.txt,109,2026-08-23T17:50:50.797967,APPLICATION_SOURCE,Streamlit UI/Service Source Code,DEPLOYMENT,CRITICAL_APP_DEP,UNIQUE,KEEP_ACTIVE,preserve
app/config.py,config.py,.py,6250,2026-08-23T18:04:59.874990,APPLICATION_SOURCE,Streamlit UI/Service Source Code,DEPLOYMENT,CRITICAL_APP_DEP,UNIQUE,KEEP_ACTIVE,preserve
app/services/prediction_service.py,prediction_service.py,.py,5991,2026-08-23T18:05:13.226909,APPLICATION_SOURCE,Streamlit UI/Service Source Code,DEPLOYMENT,CRITICAL_APP_DEP,UNIQUE,KEEP_ACTIVE,preserve
app/services/__init__.py,__init__.py,.py,19,2026-08-23T17:28:07.642861,APPLICATION_SOURCE,Streamlit UI/Service Source Code,DEPLOYMENT,CRITICAL_APP_DEP,UNIQUE,KEEP_ACTIVE,preserve
app/services/decision_engine.py,decision_engine.py,.py,5111,2026-08-23T17:51:16.524280,APPLICATION_SOURCE,Streamlit UI/Service Source Code,DEPLOYMENT,CRITICAL_APP_DEP,UNIQUE,KEEP_ACTIVE,preserve
app/services/model_loader.py,model_loader.py,.py,2447,2026-08-23T17:28:11.891837,APPLICATION_SOURCE,Streamlit UI/Service Source Code,DEPLOYMENT,CRITICAL_APP_DEP,UNIQUE,KEEP_ACTIVE,preserve
app/services/uncertainty_service.py,uncertainty_service.py,.py,4317,2026-08-23T18:04:55.395017,APPLICATION_SOURCE,Streamlit UI/Service Source Code,DEPLOYMENT,CRITICAL_APP_DEP,UNIQUE,KEEP_ACTIVE,preserve
app/services/__pycache__/decision_engine.cpython-312.pyc,decision_engine.cpython-312.pyc,.pyc,3777,2026-08-23T17:52:38.629066,APPLICATION_SOURCE,Streamlit UI/Service Source Code,DEPLOYMENT,CRITICAL_APP_DEP,UNIQUE,KEEP_ACTIVE,preserve
app/services/__pycache__/__init__.cpython-312.pyc,__init__.cpython-312.pyc,.pyc,121,2026-08-23T17:52:38.629434,APPLICATION_SOURCE,Streamlit UI/Service Source Code,DEPLOYMENT,CRITICAL_APP_DEP,UNIQUE,KEEP_ACTIVE,preserve
app/services/__pycache__/model_loader.cpython-312.pyc,model_loader.cpython-312.pyc,.pyc,3381,2026-08-23T17:52:38.630365,APPLICATION_SOURCE,Streamlit UI/Service Source Code,DEPLOYMENT,CRITICAL_APP_DEP,UNIQUE,KEEP_ACTIVE,preserve
app/services/__pycache__/uncertainty_service.cpython-312.pyc,uncertainty_service.cpython-312.pyc,.pyc,3891,2026-08-23T18:05:18.189699,APPLICATION_SOURCE,Streamlit UI/Service Source Code,DEPLOYMENT,CRITICAL_APP_DEP,UNIQUE,KEEP_ACTIVE,preserve
app/services/__pycache__/prediction_service.cpython-312.pyc,prediction_service.cpython-312.pyc,.pyc,4831,2026-08-23T18:05:17.922891,APPLICATION_SOURCE,Streamlit UI/Service Source Code,DEPLOYMENT,CRITICAL_APP_DEP,UNIQUE,KEEP_ACTIVE,preserve
app/__pycache__/test_app_suite.cpython-312.pyc,test_app_suite.cpython-312.pyc,.pyc,7678,2026-08-23T17:52:38.621316,APPLICATION_SOURCE,Streamlit UI/Service Source Code,DEPLOYMENT,CRITICAL_APP_DEP,UNIQUE,KEEP_ACTIVE,preserve
app/__pycache__/config.cpython-312.pyc,config.cpython-312.pyc,.pyc,5499,2026-08-23T18:05:17.919305,APPLICATION_SOURCE,Streamlit UI/Service Source Code,DEPLOYMENT,CRITICAL_APP_DEP,UNIQUE,KEEP_ACTIVE,preserve
app/__pycache__/app.cpython-312.pyc,app.cpython-312.pyc,.pyc,10469,2026-08-23T17:52:38.618113,APPLICATION_SOURCE,Streamlit UI/Service Source Code,DEPLOYMENT,CRITICAL_APP_DEP,UNIQUE,KEEP_ACTIVE,preserve
app/utils/formatting.py,formatting.py,.py,2748,2026-08-23T17:49:59.938615,APPLICATION_SOURCE,Streamlit UI/Service Source Code,DEPLOYMENT,CRITICAL_APP_DEP,UNIQUE,KEEP_ACTIVE,preserve
app/utils/__init__.py,__init__.py,.py,16,2026-08-23T17:27:53.196938,APPLICATION_SOURCE,Streamlit UI/Service Source Code,DEPLOYMENT,CRITICAL_APP_DEP,UNIQUE,KEEP_ACTIVE,preserve
app/utils/validation.py,validation.py,.py,4820,2026-08-23T17:49:44.204452,APPLICATION_SOURCE,Streamlit UI/Service Source Code,DEPLOYMENT,CRITICAL_APP_DEP,UNIQUE,KEEP_ACTIVE,preserve
app/utils/__pycache__/__init__.cpython-312.pyc,__init__.cpython-312.pyc,.pyc,118,2026-08-23T17:52:38.633774,APPLICATION_SOURCE,Streamlit UI/Service Source Code,DEPLOYMENT,CRITICAL_APP_DEP,UNIQUE,KEEP_ACTIVE,preserve
app/utils/__pycache__/formatting.cpython-312.pyc,formatting.cpython-312.pyc,.pyc,2349,2026-08-23T17:52:38.633469,APPLICATION_SOURCE,Streamlit UI/Service Source Code,DEPLOYMENT,CRITICAL_APP_DEP,UNIQUE,KEEP_ACTIVE,preserve
app/utils/__pycache__/validation.cpython-312.pyc,validation.cpython-312.pyc,.pyc,5022,2026-08-23T17:52:38.635085,APPLICATION_SOURCE,Streamlit UI/Service Source Code,DEPLOYMENT,CRITICAL_APP_DEP,UNIQUE,KEEP_ACTIVE,preserve
app/components/report_generator.py,report_generator.py,.py,12987,2026-08-23T18:05:04.523961,APPLICATION_SOURCE,Streamlit UI/Service Source Code,DEPLOYMENT,CRITICAL_APP_DEP,UNIQUE,KEEP_ACTIVE,preserve
app/components/threshold_chart.py,threshold_chart.py,.py,3279,2026-08-23T17:44:17.077652,APPLICATION_SOURCE,Streamlit UI/Service Source Code,DEPLOYMENT,CRITICAL_APP_DEP,UNIQUE,KEEP_ACTIVE,preserve
app/components/interpretation_panel.py,interpretation_panel.py,.py,4171,2026-08-23T17:50:31.136064,APPLICATION_SOURCE,Streamlit UI/Service Source Code,DEPLOYMENT,CRITICAL_APP_DEP,UNIQUE,KEEP_ACTIVE,preserve
app/components/__init__.py,__init__.py,.py,21,2026-08-23T17:28:33.703710,APPLICATION_SOURCE,Streamlit UI/Service Source Code,DEPLOYMENT,CRITICAL_APP_DEP,UNIQUE,KEEP_ACTIVE,preserve
app/components/input_form.py,input_form.py,.py,3050,2026-08-23T17:44:11.681926,APPLICATION_SOURCE,Streamlit UI/Service Source Code,DEPLOYMENT,CRITICAL_APP_DEP,UNIQUE,KEEP_ACTIVE,preserve
app/components/result_card.py,result_card.py,.py,4317,2026-08-23T17:59:08.671675,APPLICATION_SOURCE,Streamlit UI/Service Source Code,DEPLOYMENT,CRITICAL_APP_DEP,UNIQUE,KEEP_ACTIVE,preserve
app/components/applicability_panel.py,applicability_panel.py,.py,2707,2026-08-23T17:50:23.304519,APPLICATION_SOURCE,Streamlit UI/Service Source Code,DEPLOYMENT,CRITICAL_APP_DEP,UNIQUE,KEEP_ACTIVE,preserve
app/components/__pycache__/threshold_chart.cpython-312.pyc,threshold_chart.cpython-312.pyc,.pyc,3808,2026-08-23T17:52:38.628066,APPLICATION_SOURCE,Streamlit UI/Service Source Code,DEPLOYMENT,CRITICAL_APP_DEP,UNIQUE,KEEP_ACTIVE,preserve
app/components/__pycache__/input_form.cpython-312.pyc,input_form.cpython-312.pyc,.pyc,3805,2026-08-23T17:52:38.623467,APPLICATION_SOURCE,Streamlit UI/Service Source Code,DEPLOYMENT,CRITICAL_APP_DEP,UNIQUE,KEEP_ACTIVE,preserve
app/components/__pycache__/__init__.cpython-312.pyc,__init__.cpython-312.pyc,.pyc,123,2026-08-23T17:52:38.622441,APPLICATION_SOURCE,Streamlit UI/Service Source Code,DEPLOYMENT,CRITICAL_APP_DEP,UNIQUE,KEEP_ACTIVE,preserve
app/components/__pycache__/report_generator.cpython-312.pyc,report_generator.cpython-312.pyc,.pyc,14085,2026-08-23T18:05:19.070595,APPLICATION_SOURCE,Streamlit UI/Service Source Code,DEPLOYMENT,CRITICAL_APP_DEP,UNIQUE,KEEP_ACTIVE,preserve
app/components/__pycache__/interpretation_panel.cpython-312.pyc,interpretation_panel.cpython-312.pyc,.pyc,5114,2026-08-23T17:52:38.624635,APPLICATION_SOURCE,Streamlit UI/Service Source Code,DEPLOYMENT,CRITICAL_APP_DEP,UNIQUE,KEEP_ACTIVE,preserve
app/components/__pycache__/result_card.cpython-312.pyc,result_card.cpython-312.pyc,.pyc,5147,2026-08-23T17:52:38.626981,APPLICATION_SOURCE,Streamlit UI/Service Source Code,DEPLOYMENT,CRITICAL_APP_DEP,UNIQUE,KEEP_ACTIVE,preserve
app/components/__pycache__/applicability_panel.cpython-312.pyc,applicability_panel.cpython-312.pyc,.pyc,3335,2026-08-23T17:52:38.622026,APPLICATION_SOURCE,Streamlit UI/Service Source Code,DEPLOYMENT,CRITICAL_APP_DEP,UNIQUE,KEEP_ACTIVE,preserve
app/models/domain_bounds.json,domain_bounds.json,.json,1266,2026-08-23T17:36:16.013124,MODEL_ARTIFACT,Training domain bounds JSON,DEPLOYMENT,CRITICAL_APP_DEP,UNIQUE,KEEP_ACTIVE,preserve
app/models/ni_model/FINAL_MODEL_NI.joblib,FINAL_MODEL_NI.joblib,.joblib,1577,2026-08-23T17:27:45.063682,FINAL_MODEL,Trained ML Model Pipeline,DEPLOYMENT,CRITICAL_APP_DEP,UNIQUE,KEEP_ACTIVE,preserve
app/models/ni_model/CONFORMAL_NI.csv,CONFORMAL_NI.csv,.csv,1908,2026-08-23T17:27:45.064224,UNCERTAINTY_ARTIFACT,Conformal prediction calibration CSV,DEPLOYMENT,CRITICAL_APP_DEP,UNIQUE,KEEP_ACTIVE,preserve
app/models/cd_model/FINAL_MODEL_CD.joblib,FINAL_MODEL_CD.joblib,.joblib,1537,2026-08-23T17:27:45.064047,FINAL_MODEL,Trained ML Model Pipeline,DEPLOYMENT,CRITICAL_APP_DEP,UNIQUE,KEEP_ACTIVE,preserve
app/models/cd_model/CONFORMAL_CD.csv,CONFORMAL_CD.csv,.csv,1926,2026-08-23T17:27:45.064372,UNCERTAINTY_ARTIFACT,Conformal prediction calibration CSV,DEPLOYMENT,CRITICAL_APP_DEP,UNIQUE,KEEP_ACTIVE,preserve
