target,model,train_R2_mean,OOF_R2_mean,generalization_gap_R2,train_RMSE_mean,OOF_RMSE_mean,RMSE_ratio,overfitting_risk
Ni_num,Dummy_Median,-0.1679,-0.2052,0.0373,2.1523,2.207,1.0254,LOW
Ni_num,LinearRegression,0.3979,0.026,0.3719,1.5446,1.9796,1.2816,HIGH
Ni_num,Ridge,0.3747,0.0838,0.2909,1.5745,1.9211,1.2202,MODERATE
Ni_num,Lasso,0.37,0.1285,0.2415,1.58,1.8743,1.1863,MODERATE
Ni_num,ElasticNet,0.3322,0.1203,0.2119,1.626,1.8826,1.1578,MODERATE
Ni_num,HuberRegressor,0.3183,0.224,0.0943,1.6434,1.7707,1.0774,LOW
Ni_num,RandomForest,0.7465,0.1026,0.644,0.9859,1.9038,1.931,HIGH
Ni_num,ExtraTrees,0.5477,0.2297,0.318,1.3337,1.7637,1.3224,HIGH
Ni_num,GradientBoosting,0.7154,0.1555,0.5599,1.0585,1.8473,1.7452,HIGH
Ni_num,HistGradientBoosting,0.0,-0.0684,0.0684,1.9913,2.0779,1.0435,LOW
Cd_num,Dummy_Median,-0.088,-0.107,0.019,0.1245,0.1278,1.027,LOW
Cd_num,LinearRegression,0.8141,0.7059,0.1082,0.0489,0.0658,1.3448,MODERATE
Cd_num,Ridge,0.8105,0.6571,0.1535,0.0492,0.071,1.4438,MODERATE
Cd_num,Lasso,0.797,0.6846,0.1125,0.051,0.0681,1.3353,MODERATE
Cd_num,ElasticNet,0.8086,0.7038,0.1048,0.0497,0.0661,1.3304,MODERATE
Cd_num,HuberRegressor,0.8033,0.6868,0.1165,0.0503,0.068,1.3522,MODERATE
Cd_num,RandomForest,0.8681,0.486,0.3821,0.042,0.0863,2.0522,HIGH
Cd_num,ExtraTrees,0.86,0.5429,0.3171,0.0419,0.0811,1.9357,HIGH
Cd_num,GradientBoosting,0.8317,0.4444,0.3874,0.0475,0.0897,1.89,HIGH
Cd_num,HistGradientBoosting,0.0,-0.0624,0.0624,0.1192,0.1252,1.05,LOW
Pb_num,Dummy_Median,-0.1127,-0.1135,0.0007,1.282,1.3226,1.0317,LOW
Pb_num,LinearRegression,0.4261,-0.0009,0.427,0.9173,1.2441,1.3562,HIGH
Pb_num,Ridge,0.4031,0.1075,0.2956,0.9366,1.1802,1.2601,MODERATE
Pb_num,Lasso,0.1423,-0.0634,0.2057,1.1309,1.2857,1.1369,MODERATE
Pb_num,ElasticNet,0.2585,0.0097,0.2487,1.0503,1.24,1.1806,MODERATE
Pb_num,HuberRegressor,0.2824,0.118,0.1643,1.0277,1.1748,1.1432,MODERATE
Pb_num,RandomForest,0.7819,-0.1719,0.9537,0.5585,1.3536,2.4235,HIGH
Pb_num,ExtraTrees,0.7229,-0.1044,0.8272,0.6144,1.311,2.1336,HIGH
Pb_num,GradientBoosting,0.8277,-0.2643,1.092,0.4734,1.4026,2.9628,HIGH
Pb_num,HistGradientBoosting,0.0,-0.0537,0.0537,1.2173,1.2866,1.0569,LOW
Fe_num,Dummy_Median,-0.1317,-0.1244,-0.0073,3.5426,3.6449,1.0289,LOW
Fe_num,LinearRegression,0.1105,-0.2996,0.4101,3.1652,3.9156,1.2371,HIGH
Fe_num,Ridge,0.0942,-0.2049,0.2991,3.1887,3.772,1.1829,MODERATE
Fe_num,Lasso,0.0186,-0.0915,0.1101,3.3157,3.5909,1.083,LOW
Fe_num,ElasticNet,0.0284,-0.1115,0.14,3.2968,3.6236,1.0992,LOW
Fe_num,HuberRegressor,-0.0638,-0.0941,0.0303,3.4507,3.5955,1.042,LOW
Fe_num,RandomForest,0.6983,-0.5034,1.2017,1.7986,4.2027,2.3366,HIGH
Fe_num,ExtraTrees,0.4826,-0.179,0.6616,2.3337,3.7306,1.5986,HIGH
Fe_num,GradientBoosting,0.8182,-0.3151,1.1333,1.3932,3.9349,2.8244,HIGH
Fe_num,HistGradientBoosting,0.0,-0.0722,0.0722,3.3338,3.559,1.0675,LOW
As_num,Dummy_Median,-0.1326,-0.1345,0.0019,6.8229,6.9704,1.0216,LOW
As_num,LinearRegression,0.0636,-0.2761,0.3397,6.2044,7.3892,1.1909,HIGH
As_num,Ridge,0.0594,-0.1902,0.2496,6.2168,7.1379,1.1482,MODERATE
As_num,Lasso,0.0193,-0.0939,0.1132,6.3454,6.8427,1.0784,LOW
As_num,ElasticNet,0.0397,-0.123,0.1627,6.2789,6.9339,1.1043,MODERATE
As_num,HuberRegressor,-0.0881,-0.1152,0.0272,6.6944,6.9108,1.0323,LOW
As_num,RandomForest,0.6134,-0.4342,1.0476,3.9725,7.8328,1.9718,HIGH
As_num,ExtraTrees,0.2996,-0.1958,0.4954,5.3575,7.1541,1.3353,HIGH
As_num,GradientBoosting,0.6847,-0.3297,1.0144,3.6072,7.5427,2.091,HIGH
As_num,HistGradientBoosting,0.0,-0.0716,0.0716,6.4048,6.7734,1.0576,LOW
Mn_num,Dummy_Median,-0.0799,-0.0929,0.013,1.1142,1.1414,1.0244,LOW
Mn_num,LinearRegression,0.1178,-0.1533,0.2711,1.0127,1.1716,1.1569,MODERATE
Mn_num,Ridge,0.1098,-0.0826,0.1924,1.0171,1.1356,1.1166,MODERATE
Mn_num,Lasso,0.064,-0.0797,0.1437,1.043,1.1343,1.0875,LOW
Mn_num,ElasticNet,0.0662,-0.0911,0.1574,1.0407,1.1402,1.0956,MODERATE
Mn_num,HuberRegressor,0.0035,-0.0722,0.0757,1.0761,1.1304,1.0504,LOW
Mn_num,RandomForest,0.5929,-0.175,0.7679,0.6763,1.1833,1.7497,HIGH
Mn_num,ExtraTrees,0.2228,-0.08,0.3028,0.9526,1.1345,1.1909,HIGH
Mn_num,GradientBoosting,0.6589,-0.2105,0.8694,0.6222,1.2005,1.9295,HIGH
Mn_num,HistGradientBoosting,0.0,-0.0457,0.0457,1.0723,1.1164,1.0411,LOW
Zn_num,Dummy_Median,-0.1246,-0.1514,0.0268,24.0526,24.6168,1.0235,LOW
Zn_num,LinearRegression,0.0515,-0.5742,0.6256,22.0885,28.6813,1.2985,HIGH
Zn_num,Ridge,0.0458,-0.3973,0.4431,22.1511,27.0679,1.222,HIGH
Zn_num,Lasso,0.0426,-0.4202,0.4628,22.1878,27.2642,1.2288,HIGH
Zn_num,ElasticNet,0.0389,-0.3196,0.3585,22.2279,26.32,1.1841,HIGH
Zn_num,HuberRegressor,-0.0799,-0.3268,0.2469,23.5666,26.3737,1.1191,MODERATE
Zn_num,RandomForest,0.5211,-0.6674,1.1886,15.6852,29.564,1.8848,HIGH
Zn_num,ExtraTrees,0.238,-0.5274,0.7654,19.7877,28.1292,1.4216,HIGH
Zn_num,GradientBoosting,0.6265,-0.647,1.2736,13.9001,29.3824,2.1138,HIGH
Zn_num,HistGradientBoosting,0.0,-0.0933,0.0933,22.6524,23.9825,1.0587,LOW
Cr_num,Dummy_Median,-0.0512,-0.0443,-0.0069,0.3578,0.3823,1.0686,LOW
Cr_num,LinearRegression,0.2188,-0.3661,0.5848,0.3072,0.4355,1.4178,HIGH
Cr_num,Ridge,0.1998,-0.23,0.4299,0.3106,0.4143,1.3337,HIGH
Cr_num,Lasso,0.0,-0.058,0.058,0.349,0.3848,1.1027,LOW
Cr_num,ElasticNet,0.0,-0.058,0.058,0.349,0.3848,1.1027,LOW
Cr_num,HuberRegressor,-0.0512,-0.0443,-0.0069,0.3578,0.3823,1.0686,LOW
Cr_num,RandomForest,0.7236,-0.7799,1.5035,0.1861,0.4979,2.6755,HIGH
Cr_num,ExtraTrees,0.6243,-0.626,1.2502,0.2074,0.4738,2.2843,HIGH
Cr_num,GradientBoosting,0.9239,-0.9435,1.8674,0.086,0.5175,6.0176,HIGH
Cr_num,HistGradientBoosting,0.0,-0.058,0.058,0.349,0.3848,1.1027,LOW
Cu_num,Dummy_Median,-0.1761,-0.1557,-0.0204,0.6321,0.6471,1.0237,LOW
Cu_num,LinearRegression,0.2638,-0.4882,0.752,0.4998,0.7318,1.4643,HIGH
Cu_num,Ridge,0.2069,-0.2138,0.4207,0.5206,0.6628,1.2731,HIGH
Cu_num,Lasso,0.0126,-0.0491,0.0617,0.5831,0.6165,1.0574,LOW
Cu_num,ElasticNet,0.0164,-0.0556,0.072,0.5825,0.6184,1.0618,LOW
Cu_num,HuberRegressor,0.0147,-0.095,0.1097,0.5822,0.6298,1.0818,LOW
Cu_num,RandomForest,0.8498,-0.0581,0.9078,0.2235,0.6189,2.7692,HIGH
Cu_num,ExtraTrees,0.8702,0.0351,0.835,0.2014,0.5912,2.9363,HIGH
Cu_num,GradientBoosting,0.8666,-0.0561,0.9226,0.2124,0.6185,2.9119,HIGH
Cu_num,HistGradientBoosting,0.0,-0.0432,0.0432,0.5853,0.6148,1.0504,LOW
