target_variable,input_set,features_used,model,effective_N,mean_r2,median_r2,rmse,mae,oof_spearman_rho,oof_p_value,positive_fold_pct,fold_r2_sd
Ni_num,Set_A,pH_proxy+TDS_calc,ElasticNet,39,0.0387,0.2212,1.5604,1.0135,0.606,4.349117367647089e-05,64.0,1.0089
Ni_num,Set_A,pH_proxy+TDS_calc,Lasso,39,-0.0137,0.1726,1.5939,1.0539,0.5987,5.673667090738335e-05,64.0,1.147
Ni_num,Set_A,pH_proxy+TDS_calc,Ridge,39,0.0112,0.2371,1.5724,1.0125,0.6002,5.370829775112948e-05,64.0,0.9546
Ni_num,Set_A,pH_proxy+TDS_calc,SVR_RBF,39,-0.0482,0.2996,1.5344,0.9986,0.5634,0.00018810156700789954,68.0,1.4194
Ni_num,Set_A,pH_proxy+TDS_calc,HuberRegressor,39,0.1155,0.2924,1.5321,0.9426,0.6161,2.9733233090914122e-05,68.0,0.7814
Ni_num,Set_B,pH_proxy+TDS_calc+WELL_DEPTH,ElasticNet,39,-0.0077,0.2065,1.5879,1.0277,0.5943,6.629637081157263e-05,64.0,1.046
Ni_num,Set_B,pH_proxy+TDS_calc+WELL_DEPTH,Lasso,39,-0.0137,0.1726,1.5939,1.0539,0.5987,5.673667090738335e-05,64.0,1.147
Ni_num,Set_B,pH_proxy+TDS_calc+WELL_DEPTH,Ridge,39,-0.2516,0.0368,1.6952,1.0682,0.5856,8.9918520931067e-05,52.0,1.2341
Ni_num,Set_B,pH_proxy+TDS_calc+WELL_DEPTH,SVR_RBF,39,-0.2162,0.1872,1.6164,1.0511,0.5125,0.0008500954186011232,72.0,1.9306
Ni_num,Set_B,pH_proxy+TDS_calc+WELL_DEPTH,HuberRegressor,39,0.0991,0.218,1.5479,0.9524,0.6172,2.849206538306932e-05,68.0,0.7757
Ni_num,Set_C,pH_proxy+TDS_calc+NO3-N_num,ElasticNet,39,0.0387,0.2212,1.5604,1.0137,0.606,4.349117367647089e-05,64.0,1.0089
Ni_num,Set_C,pH_proxy+TDS_calc+NO3-N_num,Lasso,39,-0.0137,0.1726,1.5939,1.0539,0.5987,5.673667090738335e-05,64.0,1.147
Ni_num,Set_C,pH_proxy+TDS_calc+NO3-N_num,Ridge,39,-0.0036,0.2163,1.5902,1.0317,0.585,9.18211281109209e-05,64.0,0.9555
Ni_num,Set_C,pH_proxy+TDS_calc+NO3-N_num,SVR_RBF,39,0.0174,0.2576,1.5763,1.0246,0.5605,0.0002066084472998043,64.0,0.9947
Ni_num,Set_C,pH_proxy+TDS_calc+NO3-N_num,HuberRegressor,39,0.0943,0.2549,1.5466,0.9655,0.6001,5.390552993734117e-05,68.0,0.7984
Ni_num,Set_D,pH_proxy+TDS_calc+NO3-N_num+WELL_DEPTH,ElasticNet,39,-0.0077,0.2065,1.5879,1.0278,0.5943,6.629637081157263e-05,64.0,1.046
Ni_num,Set_D,pH_proxy+TDS_calc+NO3-N_num+WELL_DEPTH,Lasso,39,-0.0137,0.1726,1.5939,1.0539,0.5987,5.673667090738335e-05,64.0,1.147
Ni_num,Set_D,pH_proxy+TDS_calc+NO3-N_num+WELL_DEPTH,Ridge,39,-0.3202,-0.0019,1.7294,1.1024,0.5764,0.00012298308038247353,48.0,1.3326
Ni_num,Set_D,pH_proxy+TDS_calc+NO3-N_num+WELL_DEPTH,SVR_RBF,39,0.0122,0.3313,1.555,1.0058,0.5699,0.0001524339495059414,68.0,1.1899
Ni_num,Set_D,pH_proxy+TDS_calc+NO3-N_num+WELL_DEPTH,HuberRegressor,39,0.0775,0.2459,1.5625,0.9766,0.6058,4.38174195723233e-05,68.0,0.7903
Pb_num,Set_A,pH_proxy+TDS_calc,ElasticNet,39,-0.1996,-0.0828,0.5916,0.4094,0.3145,0.05118241900114495,40.0,0.6814
Pb_num,Set_A,pH_proxy+TDS_calc,Lasso,39,-0.2534,-0.0563,0.6006,0.426,0.1668,0.31024454781547367,28.0,0.694
Pb_num,Set_A,pH_proxy+TDS_calc,Ridge,39,-0.1493,0.0495,0.5803,0.406,0.4232,0.007260124139868132,56.0,0.5859
Pb_num,Set_A,pH_proxy+TDS_calc,SVR_RBF,39,-0.4309,-0.2036,0.63,0.4353,0.2471,0.12943607082082126,32.0,0.9995
Pb_num,Set_A,pH_proxy+TDS_calc,HuberRegressor,39,-0.0456,0.0427,0.578,0.3875,0.4196,0.007834040605181739,52.0,0.2954
Pb_num,Set_B,pH_proxy+TDS_calc+WELL_DEPTH,ElasticNet,39,-0.2291,-0.125,0.5958,0.4156,0.2665,0.10100838955427048,36.0,0.6662
Pb_num,Set_B,pH_proxy+TDS_calc+WELL_DEPTH,Lasso,39,-0.2571,-0.0563,0.6012,0.4262,0.1665,0.31113924473903787,28.0,0.6921
Pb_num,Set_B,pH_proxy+TDS_calc+WELL_DEPTH,Ridge,39,-0.1558,-0.0111,0.5744,0.4091,0.4008,0.011459953150575982,48.0,0.5713
Pb_num,Set_B,pH_proxy+TDS_calc+WELL_DEPTH,SVR_RBF,39,-0.848,-0.3694,0.6751,0.4838,0.1912,0.2436924444115286,16.0,1.4379
Pb_num,Set_B,pH_proxy+TDS_calc+WELL_DEPTH,HuberRegressor,39,-0.0516,-0.0951,0.5741,0.3968,0.3848,0.015578197396013113,48.0,0.2909
Pb_num,Set_C,pH_proxy+TDS_calc+NO3-N_num,ElasticNet,39,-0.5237,0.0749,0.5969,0.4043,0.5091,0.0009332735402956562,68.0,1.5214
Pb_num,Set_C,pH_proxy+TDS_calc+NO3-N_num,Lasso,39,-0.2337,-0.017,0.5878,0.4045,0.3317,0.03911580439706864,36.0,0.5555
Pb_num,Set_C,pH_proxy+TDS_calc+NO3-N_num,Ridge,39,-1.8801,-0.0428,0.6958,0.4383,0.4554,0.0035740269640109064,44.0,4.9929
Pb_num,Set_C,pH_proxy+TDS_calc+NO3-N_num,SVR_RBF,39,-0.1995,-0.1389,0.6118,0.4334,0.2469,0.12976062064183028,28.0,0.3751
Pb_num,Set_C,pH_proxy+TDS_calc+NO3-N_num,HuberRegressor,39,-1.4837,-0.0197,0.6654,0.4035,0.5043,0.001063610242705761,44.0,4.1357
Pb_num,Set_D,pH_proxy+TDS_calc+NO3-N_num+WELL_DEPTH,ElasticNet,39,-0.4494,0.0463,0.5913,0.4042,0.5004,0.0011779814208643922,64.0,1.2925
Pb_num,Set_D,pH_proxy+TDS_calc+NO3-N_num+WELL_DEPTH,Lasso,39,-0.2339,-0.017,0.5879,0.4046,0.3337,0.037863082538648576,36.0,0.5554
Pb_num,Set_D,pH_proxy+TDS_calc+NO3-N_num+WELL_DEPTH,Ridge,39,-1.4828,-0.0323,0.6712,0.4389,0.4746,0.0022691068399969105,40.0,3.9635
Pb_num,Set_D,pH_proxy+TDS_calc+NO3-N_num+WELL_DEPTH,SVR_RBF,39,-0.5216,-0.2222,0.6431,0.4698,0.2093,0.20098837029726815,20.0,0.8855
Pb_num,Set_D,pH_proxy+TDS_calc+NO3-N_num+WELL_DEPTH,HuberRegressor,39,-1.2561,-0.0509,0.6515,0.4135,0.4743,0.0022859948093563284,44.0,3.5853
Cd_num,Set_A,pH_proxy+TDS_calc,ElasticNet,39,-0.1655,-0.0735,0.0992,0.071,-0.3005,0.06309546212104537,0.0,0.2311
Cd_num,Set_A,pH_proxy+TDS_calc,Lasso,39,-0.1655,-0.0735,0.0992,0.071,-0.3005,0.06309546212104537,0.0,0.2311
Cd_num,Set_A,pH_proxy+TDS_calc,Ridge,39,-0.1902,0.0805,0.0922,0.0686,0.4545,0.0036507990742941196,56.0,0.8139
Cd_num,Set_A,pH_proxy+TDS_calc,SVR_RBF,39,-1.0446,-0.4995,0.1139,0.089,0.1757,0.28462146747001005,16.0,1.3893
Cd_num,Set_A,pH_proxy+TDS_calc,HuberRegressor,39,0.0044,0.1161,0.0894,0.0622,0.4235,0.007214841914501646,68.0,0.4432
Cd_num,Set_B,pH_proxy+TDS_calc+WELL_DEPTH,ElasticNet,39,-0.1655,-0.0735,0.0992,0.071,-0.3005,0.06309546212104537,0.0,0.2311
Cd_num,Set_B,pH_proxy+TDS_calc+WELL_DEPTH,Lasso,39,-0.1655,-0.0735,0.0992,0.071,-0.3005,0.06309546212104537,0.0,0.2311
Cd_num,Set_B,pH_proxy+TDS_calc+WELL_DEPTH,Ridge,39,-0.1791,0.0936,0.0927,0.0681,0.4721,0.002409323108113396,60.0,0.8168
Cd_num,Set_B,pH_proxy+TDS_calc+WELL_DEPTH,SVR_RBF,39,-1.5081,-0.9213,0.1244,0.0962,-0.1568,0.340378537025239,0.0,1.9823
Cd_num,Set_B,pH_proxy+TDS_calc+WELL_DEPTH,HuberRegressor,39,0.08,0.1177,0.0875,0.0616,0.4753,0.0022272193120076137,76.0,0.3994
Cd_num,Set_C,pH_proxy+TDS_calc+NO3-N_num,ElasticNet,39,0.17,0.2169,0.0874,0.0601,0.3567,0.02579934028878015,72.0,0.2631
Cd_num,Set_C,pH_proxy+TDS_calc+NO3-N_num,Lasso,39,-0.1655,-0.0735,0.0992,0.071,-0.3005,0.06309546212104537,0.0,0.2311
Cd_num,Set_C,pH_proxy+TDS_calc+NO3-N_num,Ridge,39,0.4935,0.531,0.0553,0.0422,0.5991,5.595301817594173e-05,96.0,0.2813
Cd_num,Set_C,pH_proxy+TDS_calc+NO3-N_num,SVR_RBF,39,-0.4884,-0.3137,0.1031,0.0812,0.2574,0.11369291503108529,28.0,0.6867
Cd_num,Set_C,pH_proxy+TDS_calc+NO3-N_num,HuberRegressor,39,0.455,0.5382,0.0573,0.0431,0.5447,0.0003367023442346916,88.0,0.3227
Cd_num,Set_D,pH_proxy+TDS_calc+NO3-N_num+WELL_DEPTH,ElasticNet,39,0.17,0.2169,0.0874,0.0601,0.3567,0.02579934028878015,72.0,0.2631
Cd_num,Set_D,pH_proxy+TDS_calc+NO3-N_num+WELL_DEPTH,Lasso,39,-0.1655,-0.0735,0.0992,0.071,-0.3005,0.06309546212104537,0.0,0.2311
Cd_num,Set_D,pH_proxy+TDS_calc+NO3-N_num+WELL_DEPTH,Ridge,39,0.4941,0.5094,0.0572,0.043,0.6553,5.970910314417789e-06,96.0,0.2411
Cd_num,Set_D,pH_proxy+TDS_calc+NO3-N_num+WELL_DEPTH,SVR_RBF,39,-0.5959,-0.41,0.1067,0.0841,0.1859,0.25724952834994086,20.0,0.6673
Cd_num,Set_D,pH_proxy+TDS_calc+NO3-N_num+WELL_DEPTH,HuberRegressor,39,0.4457,0.4791,0.0598,0.0439,0.6492,7.77781699607021e-06,92.0,0.2849
Mn_num,Set_A,pH_proxy+TDS_calc,ElasticNet,39,-0.3186,-0.098,0.9507,0.6283,0.2028,0.2155651912859573,28.0,0.797
Mn_num,Set_A,pH_proxy+TDS_calc,Lasso,39,-0.3831,-0.0868,0.9649,0.6353,0.0328,0.8428999080988008,24.0,0.8256
Mn_num,Set_A,pH_proxy+TDS_calc,Ridge,39,-0.385,-0.1137,0.952,0.6335,0.2874,0.07600088141361283,36.0,0.9746
Mn_num,Set_A,pH_proxy+TDS_calc,SVR_RBF,39,-0.3708,-0.2512,0.9769,0.6111,0.2099,0.19961860523027788,20.0,0.7301
Mn_num,Set_A,pH_proxy+TDS_calc,HuberRegressor,39,-0.2636,-0.1333,0.9663,0.6106,0.3281,0.041409934256435736,16.0,0.4466
Mn_num,Set_B,pH_proxy+TDS_calc+WELL_DEPTH,ElasticNet,39,-0.4392,-0.098,0.9577,0.6357,0.1668,0.31014543873614014,28.0,1.3059
Mn_num,Set_B,pH_proxy+TDS_calc+WELL_DEPTH,Lasso,39,-0.3904,-0.0868,0.9653,0.6358,0.0312,0.850568040950427,24.0,0.8547
Mn_num,Set_B,pH_proxy+TDS_calc+WELL_DEPTH,Ridge,39,-0.854,-0.1306,0.9883,0.6615,0.2377,0.14516800886112674,24.0,2.7361
Mn_num,Set_B,pH_proxy+TDS_calc+WELL_DEPTH,SVR_RBF,39,-0.5248,-0.4215,1.042,0.6801,-0.0144,0.9307985551741361,16.0,0.5364
Mn_num,Set_B,pH_proxy+TDS_calc+WELL_DEPTH,HuberRegressor,39,-0.5182,-0.2165,0.9891,0.6281,0.2603,0.10947379660411527,16.0,1.3595
Mn_num,Set_C,pH_proxy+TDS_calc+NO3-N_num,ElasticNet,39,-0.2452,-0.0659,0.9325,0.6006,0.4245,0.007072482836655059,44.0,0.6954
Mn_num,Set_C,pH_proxy+TDS_calc+NO3-N_num,Lasso,39,-0.3033,-0.064,0.9499,0.6169,0.2735,0.0920633950756058,28.0,0.6864
Mn_num,Set_C,pH_proxy+TDS_calc+NO3-N_num,Ridge,39,-0.2334,-0.067,0.9225,0.5975,0.517,0.0007516655709375699,48.0,0.7845
Mn_num,Set_C,pH_proxy+TDS_calc+NO3-N_num,SVR_RBF,39,-0.4055,-0.2939,0.9909,0.6378,0.202,0.21744210166115455,20.0,0.6829
Mn_num,Set_C,pH_proxy+TDS_calc+NO3-N_num,HuberRegressor,39,-0.0995,-0.0963,0.9318,0.5704,0.5259,0.0005850292665001501,36.0,0.3285
Mn_num,Set_D,pH_proxy+TDS_calc+NO3-N_num+WELL_DEPTH,ElasticNet,39,-0.2809,-0.0659,0.9363,0.6054,0.4267,0.0067474320326941055,44.0,0.8124
Mn_num,Set_D,pH_proxy+TDS_calc+NO3-N_num+WELL_DEPTH,Lasso,39,-0.3033,-0.064,0.9499,0.6169,0.2735,0.0920633950756058,28.0,0.6864
Mn_num,Set_D,pH_proxy+TDS_calc+NO3-N_num+WELL_DEPTH,Ridge,39,-0.4357,-0.0841,0.9475,0.617,0.4619,0.0030721363934107016,36.0,1.4356
Mn_num,Set_D,pH_proxy+TDS_calc+NO3-N_num+WELL_DEPTH,SVR_RBF,39,-0.4609,-0.4683,1.0327,0.6672,0.0502,0.7615049162276164,12.0,0.4789
Mn_num,Set_D,pH_proxy+TDS_calc+NO3-N_num+WELL_DEPTH,HuberRegressor,39,-0.1193,-0.1165,0.9411,0.5765,0.4826,0.0018617355907260265,36.0,0.2863
Fe_num,Set_A,pH_proxy+TDS_calc,ElasticNet,39,-0.272,-0.1079,2.7209,1.4975,0.1794,0.27458817824464116,24.0,0.6704
Fe_num,Set_A,pH_proxy+TDS_calc,Lasso,39,-0.2683,-0.135,2.7296,1.5084,0.13,0.4303550878692867,16.0,0.53
Fe_num,Set_A,pH_proxy+TDS_calc,Ridge,39,-0.3611,-0.1144,2.7312,1.5048,0.1866,0.25523227694831363,36.0,0.9669
Fe_num,Set_A,pH_proxy+TDS_calc,SVR_RBF,39,-0.1459,-0.1578,2.7823,1.4205,0.2393,0.1423448502208972,16.0,0.1597
Fe_num,Set_A,pH_proxy+TDS_calc,HuberRegressor,39,-0.1362,-0.1665,2.7751,1.3739,0.291,0.07228306471251444,20.0,0.2083
Fe_num,Set_B,pH_proxy+TDS_calc+WELL_DEPTH,ElasticNet,39,-0.2802,-0.1081,2.7341,1.5115,0.0942,0.5682532579634909,24.0,0.6695
Fe_num,Set_B,pH_proxy+TDS_calc+WELL_DEPTH,Lasso,39,-0.2709,-0.1361,2.7346,1.5128,0.1029,0.5328856360601217,16.0,0.5298
Fe_num,Set_B,pH_proxy+TDS_calc+WELL_DEPTH,Ridge,39,-0.3831,-0.1585,2.7677,1.5316,0.0873,0.5973843500475161,24.0,0.9453
Fe_num,Set_B,pH_proxy+TDS_calc+WELL_DEPTH,SVR_RBF,39,-0.1734,-0.1433,2.7091,1.407,0.3209,0.04641215966358685,24.0,0.2281
Fe_num,Set_B,pH_proxy+TDS_calc+WELL_DEPTH,HuberRegressor,39,-0.1443,-0.1676,2.7819,1.3808,0.2515,0.12242937872837764,16.0,0.2112
Fe_num,Set_C,pH_proxy+TDS_calc+NO3-N_num,ElasticNet,39,-0.2673,-0.1338,2.7078,1.4908,0.2788,0.08571281413752362,32.0,0.5983
Fe_num,Set_C,pH_proxy+TDS_calc+NO3-N_num,Lasso,39,-0.2781,-0.1288,2.7284,1.5077,0.1454,0.37729652253848706,20.0,0.5462
Fe_num,Set_C,pH_proxy+TDS_calc+NO3-N_num,Ridge,39,-0.3763,-0.125,2.7015,1.4774,0.3846,0.015618050887187785,24.0,0.736
Fe_num,Set_C,pH_proxy+TDS_calc+NO3-N_num,SVR_RBF,39,0.0224,-0.0331,2.6942,1.3468,0.4358,0.005557622721219927,40.0,0.3198
Fe_num,Set_C,pH_proxy+TDS_calc+NO3-N_num,HuberRegressor,39,-0.0218,-0.08,2.7201,1.334,0.4193,0.0078878533922574,28.0,0.2929
Fe_num,Set_D,pH_proxy+TDS_calc+NO3-N_num+WELL_DEPTH,ElasticNet,39,-0.2758,-0.1459,2.7211,1.5047,0.2234,0.1716127342997151,32.0,0.5971
Fe_num,Set_D,pH_proxy+TDS_calc+NO3-N_num+WELL_DEPTH,Lasso,39,-0.2807,-0.1307,2.7334,1.512,0.0978,0.5537302534957522,20.0,0.5459
Fe_num,Set_D,pH_proxy+TDS_calc+NO3-N_num+WELL_DEPTH,Ridge,39,-0.4044,-0.1737,2.7388,1.5022,0.3253,0.043293614162566725,20.0,0.7065
Fe_num,Set_D,pH_proxy+TDS_calc+NO3-N_num+WELL_DEPTH,SVR_RBF,39,-0.011,0.0072,2.6626,1.3626,0.3791,0.017320369041650102,56.0,0.2086
Fe_num,Set_D,pH_proxy+TDS_calc+NO3-N_num+WELL_DEPTH,HuberRegressor,39,-0.0266,-0.0798,2.725,1.3398,0.4037,0.010819501427457162,24.0,0.2976
As_num,Set_A,pH_proxy+TDS_calc,ElasticNet,39,-1.5967,-0.2011,5.5205,2.946,-0.1168,0.4789545827704521,12.0,4.2937
As_num,Set_A,pH_proxy+TDS_calc,Lasso,39,-1.634,-0.1876,5.5288,2.9488,-0.2492,0.1260520697693644,4.0,4.3679
As_num,Set_A,pH_proxy+TDS_calc,Ridge,39,-1.7291,-0.2248,5.5175,2.9603,-0.0754,0.6483093100327766,12.0,4.8206
As_num,Set_A,pH_proxy+TDS_calc,SVR_RBF,39,-0.5536,-0.2888,5.6162,2.898,-0.1991,0.22419580516444382,8.0,0.9956
As_num,Set_A,pH_proxy+TDS_calc,HuberRegressor,39,-0.4154,-0.207,5.5383,2.7983,-0.0582,0.7249756628876279,4.0,0.6584
As_num,Set_B,pH_proxy+TDS_calc+WELL_DEPTH,ElasticNet,39,-1.698,-0.2011,5.5563,2.9893,-0.2112,0.19672882933142768,12.0,4.3227
As_num,Set_B,pH_proxy+TDS_calc+WELL_DEPTH,Lasso,39,-1.6508,-0.1876,5.5391,2.9687,-0.3069,0.05741963960382141,4.0,4.3677
As_num,Set_B,pH_proxy+TDS_calc+WELL_DEPTH,Ridge,39,-2.0843,-0.2264,5.6064,3.047,-0.1934,0.23809608807076105,12.0,5.1368
As_num,Set_B,pH_proxy+TDS_calc+WELL_DEPTH,SVR_RBF,39,-0.3218,-0.1882,5.5045,2.7215,0.3101,0.054711490246445095,20.0,0.7687
As_num,Set_B,pH_proxy+TDS_calc+WELL_DEPTH,HuberRegressor,39,-0.5355,-0.2507,5.5652,2.8519,-0.1078,0.5135702470594287,0.0,0.8146
As_num,Set_C,pH_proxy+TDS_calc+NO3-N_num,ElasticNet,39,-2.1873,-0.1868,5.5254,2.97,-0.0486,0.7689599602233642,12.0,6.4668
As_num,Set_C,pH_proxy+TDS_calc+NO3-N_num,Lasso,39,-2.0797,-0.1819,5.5302,2.9625,-0.1575,0.33812740083880377,8.0,6.0806
As_num,Set_C,pH_proxy+TDS_calc+NO3-N_num,Ridge,39,-2.2641,-0.1857,5.5178,2.9768,0.0389,0.8141586833629666,12.0,6.656
As_num,Set_C,pH_proxy+TDS_calc+NO3-N_num,SVR_RBF,39,-0.5612,-0.2668,5.5657,2.8269,0.0701,0.6716709981282384,16.0,1.2608
As_num,Set_C,pH_proxy+TDS_calc+NO3-N_num,HuberRegressor,39,-0.5889,-0.235,5.5353,2.8144,-0.0604,0.7150509237204561,0.0,1.2916
As_num,Set_D,pH_proxy+TDS_calc+NO3-N_num+WELL_DEPTH,ElasticNet,39,-2.2263,-0.1868,5.5501,3.0038,-0.1338,0.41684932495462984,12.0,6.5005
As_num,Set_D,pH_proxy+TDS_calc+NO3-N_num+WELL_DEPTH,Lasso,39,-2.0815,-0.1819,5.538,2.9795,-0.1919,0.2419861491952601,8.0,6.08
As_num,Set_D,pH_proxy+TDS_calc+NO3-N_num+WELL_DEPTH,Ridge,39,-2.4912,-0.1955,5.5866,3.0413,-0.0364,0.8259262180744438,12.0,6.901
As_num,Set_D,pH_proxy+TDS_calc+NO3-N_num+WELL_DEPTH,SVR_RBF,39,-0.3463,-0.1988,5.5056,2.7202,0.1958,0.23221393916073294,24.0,0.8155
As_num,Set_D,pH_proxy+TDS_calc+NO3-N_num+WELL_DEPTH,HuberRegressor,39,-0.7458,-0.2401,5.5612,2.861,-0.114,0.48968886274009826,8.0,1.5751
Zn_num,Set_A,pH_proxy+TDS_calc,ElasticNet,34,-0.2804,-0.1708,21.8938,14.3243,-0.679,1.0115767525069206e-05,0.0,0.3367
Zn_num,Set_A,pH_proxy+TDS_calc,Lasso,34,-0.2513,-0.1413,21.6176,14.0675,-0.5533,0.000689139210287262,0.0,0.3387
Zn_num,Set_A,pH_proxy+TDS_calc,Ridge,34,-0.3769,-0.2854,22.4861,14.8617,-0.791,2.588470196104751e-08,0.0,0.3422
Zn_num,Set_A,pH_proxy+TDS_calc,SVR_RBF,34,-0.4256,-0.3352,23.1498,15.4051,-0.5068,0.0022245606184113404,0.0,0.2729
Zn_num,Set_A,pH_proxy+TDS_calc,HuberRegressor,34,-0.2834,-0.2318,22.2126,14.4125,-0.6513,3.0224858274201242e-05,4.0,0.261
Zn_num,Set_B,pH_proxy+TDS_calc+WELL_DEPTH,ElasticNet,34,-0.3011,-0.2065,22.0317,14.5436,-0.7321,8.63005207358415e-07,0.0,0.3401
Zn_num,Set_B,pH_proxy+TDS_calc+WELL_DEPTH,Lasso,34,-0.2529,-0.1492,21.6356,14.1085,-0.5984,0.00018541570434610778,0.0,0.3393
Zn_num,Set_B,pH_proxy+TDS_calc+WELL_DEPTH,Ridge,34,-0.4476,-0.3025,22.9244,15.4435,-0.7549,2.494723267725034e-07,0.0,0.383
Zn_num,Set_B,pH_proxy+TDS_calc+WELL_DEPTH,SVR_RBF,34,-0.661,-0.3913,23.9717,16.3735,-0.6458,3.7092517372699014e-05,4.0,0.5662
Zn_num,Set_B,pH_proxy+TDS_calc+WELL_DEPTH,HuberRegressor,34,-0.3262,-0.2801,22.5232,14.8735,-0.6089,0.00013250403464721145,0.0,0.2645
Zn_num,Set_C,pH_proxy+TDS_calc+NO3-N_num,ElasticNet,34,-0.4372,-0.2685,22.7066,15.1311,-0.6308,6.349004260027287e-05,0.0,0.4897
Zn_num,Set_C,pH_proxy+TDS_calc+NO3-N_num,Lasso,34,-0.3316,-0.251,22.0823,14.584,-0.564,0.0005132977371792794,0.0,0.3668
Zn_num,Set_C,pH_proxy+TDS_calc+NO3-N_num,Ridge,34,-0.8138,-0.4349,24.1907,16.3461,-0.6766,1.1195311980919916e-05,0.0,1.1607
Zn_num,Set_C,pH_proxy+TDS_calc+NO3-N_num,SVR_RBF,34,-0.5985,-0.4257,23.4665,16.5507,-0.5311,0.001230569692361937,0.0,0.6015
Zn_num,Set_C,pH_proxy+TDS_calc+NO3-N_num,HuberRegressor,34,-0.5076,-0.3497,23.3571,15.6819,-0.6114,0.0001223629258158664,0.0,0.4882
Zn_num,Set_D,pH_proxy+TDS_calc+NO3-N_num+WELL_DEPTH,ElasticNet,34,-0.4828,-0.2685,22.9473,15.3751,-0.6631,1.923508004352097e-05,0.0,0.5673
Zn_num,Set_D,pH_proxy+TDS_calc+NO3-N_num+WELL_DEPTH,Lasso,34,-0.3348,-0.251,22.109,14.6276,-0.5901,0.00023923973811729664,0.0,0.3694
Zn_num,Set_D,pH_proxy+TDS_calc+NO3-N_num+WELL_DEPTH,Ridge,34,-1.0555,-0.4749,25.1164,17.1167,-0.673,1.2930805608304941e-05,0.0,1.787
Zn_num,Set_D,pH_proxy+TDS_calc+NO3-N_num+WELL_DEPTH,SVR_RBF,34,-0.5956,-0.3623,23.0881,16.0501,-0.4442,0.008492570363453054,0.0,0.5863
Zn_num,Set_D,pH_proxy+TDS_calc+NO3-N_num+WELL_DEPTH,HuberRegressor,34,-0.6662,-0.3534,23.999,16.2377,-0.5834,0.00029297709354866505,0.0,0.8922
WQI,Set_A,pH_proxy+TDS_calc,ElasticNet,39,-0.15,-0.1608,26.1445,16.6195,0.2032,0.21463094414731515,24.0,0.2819
WQI,Set_A,pH_proxy+TDS_calc,Lasso,39,-0.1617,-0.172,26.3279,16.7589,0.148,0.3686499980720448,28.0,0.2254
WQI,Set_A,pH_proxy+TDS_calc,Ridge,39,-0.1727,-0.1707,26.1449,16.7055,0.2514,0.12260448504016783,24.0,0.3681
WQI,Set_A,pH_proxy+TDS_calc,SVR_RBF,39,-0.3939,-0.3501,28.3186,18.7345,-0.0976,0.554575556982528,0.0,0.3157
WQI,Set_A,pH_proxy+TDS_calc,HuberRegressor,39,-0.1538,-0.1777,26.4556,16.6056,0.2794,0.08502076099146896,20.0,0.237
WQI,Set_B,pH_proxy+TDS_calc+WELL_DEPTH,ElasticNet,39,-0.1633,-0.1646,26.3573,16.5979,0.2265,0.16553877103994774,24.0,0.2798
WQI,Set_B,pH_proxy+TDS_calc+WELL_DEPTH,Lasso,39,-0.1633,-0.172,26.3563,16.7477,0.1518,0.3561930800980906,28.0,0.2255
WQI,Set_B,pH_proxy+TDS_calc+WELL_DEPTH,Ridge,39,-0.2109,-0.183,26.5845,16.8609,0.2765,0.08836660104304085,24.0,0.4162
WQI,Set_B,pH_proxy+TDS_calc+WELL_DEPTH,SVR_RBF,39,-0.3155,-0.2609,28.2374,17.3079,0.1451,0.3779928748366939,4.0,0.2456
WQI,Set_B,pH_proxy+TDS_calc+WELL_DEPTH,HuberRegressor,39,-0.1364,-0.1713,26.757,16.4882,0.3227,0.04512666528192354,24.0,0.214
WQI,Set_C,pH_proxy+TDS_calc+NO3-N_num,ElasticNet,39,-0.1605,-0.1646,26.2187,16.7716,0.1935,0.23783134306341286,20.0,0.2808
WQI,Set_C,pH_proxy+TDS_calc+NO3-N_num,Lasso,39,-0.162,-0.172,26.3321,16.7764,0.1466,0.37330408654617364,28.0,0.2254
WQI,Set_C,pH_proxy+TDS_calc+NO3-N_num,Ridge,39,-0.2233,-0.1886,26.3965,17.1413,0.1593,0.3326761167474354,20.0,0.4298
WQI,Set_C,pH_proxy+TDS_calc+NO3-N_num,SVR_RBF,39,-0.3241,-0.3441,27.819,18.1088,-0.0071,0.9658554968834424,12.0,0.2713
WQI,Set_C,pH_proxy+TDS_calc+NO3-N_num,HuberRegressor,39,-0.2026,-0.2165,26.7114,16.9677,0.1763,0.2829541866958478,16.0,0.2874
WQI,Set_D,pH_proxy+TDS_calc+NO3-N_num+WELL_DEPTH,ElasticNet,39,-0.1738,-0.1674,26.4315,16.75,0.2083,0.2031885070528699,20.0,0.2782
WQI,Set_D,pH_proxy+TDS_calc+NO3-N_num+WELL_DEPTH,Lasso,39,-0.1636,-0.172,26.3605,16.7653,0.1512,0.3581428549927376,28.0,0.2255
WQI,Set_D,pH_proxy+TDS_calc+NO3-N_num+WELL_DEPTH,Ridge,39,-0.2348,-0.2398,26.7716,17.2457,0.2506,0.12385424243116704,20.0,0.3759
WQI,Set_D,pH_proxy+TDS_calc+NO3-N_num+WELL_DEPTH,SVR_RBF,39,-0.2599,-0.2238,27.9827,16.7601,0.201,0.21980404344884297,16.0,0.199
WQI,Set_D,pH_proxy+TDS_calc+NO3-N_num+WELL_DEPTH,HuberRegressor,39,-0.206,-0.2365,27.0505,16.8348,0.2911,0.072194484697378,20.0,0.2668
HPI,Set_A,pH_proxy+TDS_calc,ElasticNet,39,-0.2152,-0.1641,68.2843,42.3446,0.065,0.6943110433885278,16.0,0.3515
HPI,Set_A,pH_proxy+TDS_calc,Lasso,39,-0.2066,-0.1722,68.3038,42.2027,-0.0368,0.8237934219755902,20.0,0.3248
HPI,Set_A,pH_proxy+TDS_calc,Ridge,39,-0.2444,-0.1461,68.4451,42.6695,0.1186,0.471989003187267,12.0,0.3961
HPI,Set_A,pH_proxy+TDS_calc,SVR_RBF,39,-0.2904,-0.2451,70.075,43.3262,0.0818,0.620643668919745,12.0,0.3533
HPI,Set_A,pH_proxy+TDS_calc,HuberRegressor,39,-0.2581,-0.2144,69.524,42.5036,0.0919,0.5779103361283956,8.0,0.2891
HPI,Set_B,pH_proxy+TDS_calc+WELL_DEPTH,ElasticNet,39,-0.2528,-0.2098,68.8691,42.722,-0.015,0.9278820431475499,16.0,0.4641
HPI,Set_B,pH_proxy+TDS_calc+WELL_DEPTH,Lasso,39,-0.2104,-0.198,68.4739,42.2416,-0.0791,0.6319663950876567,20.0,0.3246
HPI,Set_B,pH_proxy+TDS_calc+WELL_DEPTH,Ridge,39,-0.3679,-0.2056,69.8398,43.6363,0.0737,0.655746660642957,12.0,0.8352
HPI,Set_B,pH_proxy+TDS_calc+WELL_DEPTH,SVR_RBF,39,-0.3211,-0.2932,71.5263,43.0438,0.0401,0.8085794571059003,8.0,0.2883
HPI,Set_B,pH_proxy+TDS_calc+WELL_DEPTH,HuberRegressor,39,-0.2807,-0.2534,70.25,42.8189,0.0642,0.6979391602506948,4.0,0.2758
HPI,Set_C,pH_proxy+TDS_calc+NO3-N_num,ElasticNet,39,-0.1291,-0.073,66.6057,40.7317,0.3085,0.056028853535247086,24.0,0.3254
HPI,Set_C,pH_proxy+TDS_calc+NO3-N_num,Lasso,39,-0.1406,-0.0885,66.9637,40.9004,0.2413,0.1389189639821752,24.0,0.2895
HPI,Set_C,pH_proxy+TDS_calc+NO3-N_num,Ridge,39,-0.1192,-0.083,66.1469,40.4544,0.3927,0.013400292231895755,28.0,0.3815
HPI,Set_C,pH_proxy+TDS_calc+NO3-N_num,SVR_RBF,39,-0.1877,-0.2143,68.7376,41.4922,0.2551,0.11709721881399271,32.0,0.2604
HPI,Set_C,pH_proxy+TDS_calc+NO3-N_num,HuberRegressor,39,-0.1294,-0.1616,67.1559,40.6264,0.3686,0.020935919344584233,28.0,0.286
HPI,Set_D,pH_proxy+TDS_calc+NO3-N_num+WELL_DEPTH,ElasticNet,39,-0.1402,-0.073,67.0468,40.9244,0.2478,0.1283035026241753,24.0,0.3263
HPI,Set_D,pH_proxy+TDS_calc+NO3-N_num+WELL_DEPTH,Lasso,39,-0.1425,-0.0885,67.0444,40.9708,0.2172,0.1840978369534911,24.0,0.2898
HPI,Set_D,pH_proxy+TDS_calc+NO3-N_num+WELL_DEPTH,Ridge,39,-0.1319,-0.0668,67.0374,40.9884,0.3148,0.0509666034382654,32.0,0.334
HPI,Set_D,pH_proxy+TDS_calc+NO3-N_num+WELL_DEPTH,SVR_RBF,39,-0.2087,-0.2002,69.48,40.9422,0.2034,0.21416487157013925,20.0,0.3058
HPI,Set_D,pH_proxy+TDS_calc+NO3-N_num+WELL_DEPTH,HuberRegressor,39,-0.1194,-0.1549,67.6835,40.3623,0.3492,0.02934316828700023,28.0,0.2217
HEI,Set_A,pH_proxy+TDS_calc,ElasticNet,39,-0.2443,-0.1947,16.6095,10.3442,-0.2235,0.17143585331780684,12.0,0.2067
HEI,Set_A,pH_proxy+TDS_calc,Lasso,39,-0.2329,-0.2008,16.5728,10.2482,-0.315,0.05080963544005294,8.0,0.2107
HEI,Set_A,pH_proxy+TDS_calc,Ridge,39,-0.282,-0.2521,16.6938,10.4868,-0.1623,0.3234228399422017,16.0,0.2434
HEI,Set_A,pH_proxy+TDS_calc,SVR_RBF,39,-0.4531,-0.241,17.0071,10.5223,-0.0221,0.8939344767786357,4.0,0.7899
HEI,Set_A,pH_proxy+TDS_calc,HuberRegressor,39,-0.3103,-0.252,16.8714,10.4841,-0.1403,0.394330802337185,8.0,0.2532
HEI,Set_B,pH_proxy+TDS_calc+WELL_DEPTH,ElasticNet,39,-0.2933,-0.2366,16.8119,10.5952,-0.3316,0.03920007547927709,12.0,0.2651
HEI,Set_B,pH_proxy+TDS_calc+WELL_DEPTH,Lasso,39,-0.2525,-0.2112,16.6509,10.3721,-0.4148,0.008653435419295204,8.0,0.229
HEI,Set_B,pH_proxy+TDS_calc+WELL_DEPTH,Ridge,39,-0.4018,-0.2717,17.1602,10.9339,-0.2988,0.06465085731241968,8.0,0.4256
HEI,Set_B,pH_proxy+TDS_calc+WELL_DEPTH,SVR_RBF,39,-0.4188,-0.2704,17.2101,10.736,-0.1589,0.33392214762746586,12.0,0.4343
HEI,Set_B,pH_proxy+TDS_calc+WELL_DEPTH,HuberRegressor,39,-0.3614,-0.2751,17.1183,10.7365,-0.2451,0.13254061581981058,8.0,0.2992
HEI,Set_C,pH_proxy+TDS_calc+NO3-N_num,ElasticNet,39,-0.105,-0.092,15.8742,9.6089,0.3854,0.015388248997685153,32.0,0.2538
HEI,Set_C,pH_proxy+TDS_calc+NO3-N_num,Lasso,39,-0.1179,-0.0575,15.9178,9.5921,0.2864,0.07708558749192315,32.0,0.2673
HEI,Set_C,pH_proxy+TDS_calc+NO3-N_num,Ridge,39,-0.1069,-0.0773,15.8458,9.535,0.4626,0.0030285283579327585,36.0,0.2761
HEI,Set_C,pH_proxy+TDS_calc+NO3-N_num,SVR_RBF,39,-0.1383,-0.1247,16.1974,9.6785,0.3417,0.0332509585924464,40.0,0.2286
HEI,Set_C,pH_proxy+TDS_calc+NO3-N_num,HuberRegressor,39,-0.1158,-0.1027,16.0361,9.5594,0.4506,0.003993117883806685,28.0,0.2723
HEI,Set_D,pH_proxy+TDS_calc+NO3-N_num+WELL_DEPTH,ElasticNet,39,-0.1291,-0.138,16.0111,9.7397,0.3249,0.04358116252000536,32.0,0.2872
HEI,Set_D,pH_proxy+TDS_calc+NO3-N_num+WELL_DEPTH,Lasso,39,-0.1291,-0.0575,15.9703,9.6741,0.2749,0.09032367676947162,32.0,0.2847
HEI,Set_D,pH_proxy+TDS_calc+NO3-N_num+WELL_DEPTH,Ridge,39,-0.1568,-0.1628,16.132,9.7624,0.3802,0.016974003173581727,32.0,0.3223
HEI,Set_D,pH_proxy+TDS_calc+NO3-N_num+WELL_DEPTH,SVR_RBF,39,-0.1776,-0.1998,16.443,9.7793,0.2409,0.13960332465804381,20.0,0.2769
HEI,Set_D,pH_proxy+TDS_calc+NO3-N_num+WELL_DEPTH,HuberRegressor,39,-0.1284,-0.1806,16.1492,9.6149,0.4126,0.009055613256335535,28.0,0.2831
